tag,roadmap_item,scenario_id,regime,sweep_axis,sweep_value,realistic_regime,workload,promoted_condition,reference_condition,memory_bandwidth_scale,activation_reuse_scale,batch_size_scale,sequence_length_scale,adc_energy_scale,dac_energy_scale,laser_multiplier,optical_link_loss_scale,sideband_control_overhead_scale,suds_energy_pj,reference_energy_pj,energy_ratio_vs_reference,energy_improvement_vs_reference_pct,suds_latency_ns,reference_latency_ns,latency_ratio_vs_reference,suds_edp_pj_ns,reference_edp_pj_ns,edp_ratio_vs_reference,edp_improvement_vs_reference_pct,benefit_preserved,benefit_class,suds_conversion_link_energy_share,suds_memory_energy_share,suds_control_energy_share,suds_memory_latency_factor,suds_conversion_latency_factor,suds_control_latency_factor,nominal_accuracy_evidence_label,nominal_device,claim_boundary,scenario_description
20260513_tetc_pivot,R6_memory_bandwidth_conversion_link_sensitivity,r6_named_optimistic,optimistic,named_regime,,False,bert_base_glue_seq128,suds_pareto,lightening_dptc,2.0,1.4,4.0,1.0,0.75,0.85,0.85,0.75,0.5,228317388.88440874,324072792.6397942,0.7045250143481893,29.547498565181073,25236.009665824313,26831.362642540116,0.9405414850535235,5761819832762.708,8695314621899.022,0.6626350032524009,33.73649967475991,True,beneficial,0.9742794462273546,0.02566248240131161,5.8071371333630965e-05,1.0826546903645702,3.542402273860544,1.624504792712471,measured_mps_glue,mps,"Parametric architecture sensitivity from modeled R6 component scaling; not a hardware measurement, layout signoff, device-solver result, or new accuracy run.",Higher bandwidth/reuse and lower conversion/link/control costs.
20260513_tetc_pivot,R6_memory_bandwidth_conversion_link_sensitivity,r6_named_optimistic,optimistic,named_regime,,False,mobilevit_s_transformer_blocks_256,suds_pareto,lightening_dptc,2.0,1.4,4.0,1.0,0.75,0.85,0.85,0.75,0.5,37417831.60748586,40508464.54293792,0.923704021608223,7.629597839177704,3764.000744875262,3757.2830197385847,1.0017879209794383,140840746042.1939,152201765982.86316,0.9253555314072478,7.4644468592752204,True,beneficial,0.9736100849112613,0.026205259509648676,0.00018465557908977685,1.0826546903645702,3.542402273860544,1.624504792712471,measured_mps_imagenet,mps,"Parametric architecture sensitivity from modeled R6 component scaling; not a hardware measurement, layout signoff, device-solver result, or new accuracy run.",Higher bandwidth/reuse and lower conversion/link/control costs.
20260513_tetc_pivot,R6_memory_bandwidth_conversion_link_sensitivity,r6_named_nominal,nominal,named_regime,,True,bert_base_glue_seq128,suds_pareto,lightening_dptc,1.0,1.0,1.0,1.0,1.0,1.0,1.0,1.0,1.0,68905538.99839208,97367145.133984,0.7076877821936058,29.231221780639416,8019.259607716052,8526.215733333336,0.9405414850535234,552571405637.7087,830173284751.1248,0.6656097176186084,33.43902823813916,True,beneficial,0.9555775506667936,0.04430400182203888,0.00011844751116728734,1.0,1.0,1.0,measured_mps_glue,mps,"Parametric architecture sensitivity from modeled R6 component scaling; not a hardware measurement, layout signoff, device-solver result, or new accuracy run.",The selected architecture summary surface.
20260513_tetc_pivot,R6_memory_bandwidth_conversion_link_sensitivity,r6_named_nominal,nominal,named_regime,,True,mobilevit_s_transformer_blocks_256,suds_pareto,lightening_dptc,1.0,1.0,1.0,1.0,1.0,1.0,1.0,1.0,1.0,11414656.791950667,12443405.192075629,0.9173258136140979,8.267418638590208,1196.0884282616387,1193.9537333333335,1.0017879209794383,13652938901.430313,14856850084.458082,0.9189659196812389,8.103408031876114,True,beneficial,0.9548701103336487,0.044757277359426716,0.0003726123069244868,1.0,1.0,1.0,measured_mps_imagenet,mps,"Parametric architecture sensitivity from modeled R6 component scaling; not a hardware measurement, layout signoff, device-solver result, or new accuracy run.",The selected architecture summary surface.
20260513_tetc_pivot,R6_memory_bandwidth_conversion_link_sensitivity,r6_named_pessimistic,pessimistic,named_regime,,True,bert_base_glue_seq128,suds_pareto,lightening_dptc,0.5,0.65,1.0,2.0,2.0,1.25,1.15,1.25,3.0,177625723.11818266,250132837.7192992,0.7101255666299819,28.987443337001807,25694.356259105312,27318.68468049883,0.9405414850535235,4563978610579.784,6833300121891.919,0.6679025550126382,33.209744498736185,True,beneficial,0.941554107343376,0.058170199830493034,0.0002756928261309196,6.153846153846153,2.62110142320995,6.0,measured_mps_glue,mps,"Parametric architecture sensitivity from modeled R6 component scaling; not a hardware measurement, layout signoff, device-solver result, or new accuracy run.","Lower bandwidth/reuse with stressed ADC, DAC, laser, link, and sideband terms."
20260513_tetc_pivot,R6_memory_bandwidth_conversion_link_sensitivity,r6_named_pessimistic,pessimistic,named_regime,,True,mobilevit_s_transformer_blocks_256,suds_pareto,lightening_dptc,0.5,0.65,1.0,2.0,2.0,1.25,1.15,1.25,3.0,29405642.5727088,33514256.31080864,0.8774069846576075,12.259301534239253,3832.3640456255025,3825.524310453492,1.0017879209794383,112693127334.1638,128209602263.76782,0.8789757190129823,12.102428098701768,True,beneficial,0.9403283883660252,0.05880376970408323,0.0008678419298915251,6.153846153846153,2.62110142320995,6.0,measured_mps_imagenet,mps,"Parametric architecture sensitivity from modeled R6 component scaling; not a hardware measurement, layout signoff, device-solver result, or new accuracy run.","Lower bandwidth/reuse with stressed ADC, DAC, laser, link, and sideband terms."
20260513_tetc_pivot,R6_memory_bandwidth_conversion_link_sensitivity,r6_sweep_memory_bandwidth_scale_0p25,one_at_a_time_sweep,memory_bandwidth_scale,0.25,False,bert_base_glue_seq128,suds_pareto,lightening_dptc,0.25,1.0,1.0,1.0,1.0,1.0,1.0,1.0,1.0,69821376.33599207,98366896.813984,0.709805621580472,29.0194378419528,13552.54873704013,14409.30458933334,0.9405414850535234,946257605680.7529,1417398577700.2188,0.6676016334206365,33.23983665793635,True,beneficial,0.9430433720842688,0.05683973406418736,0.00011689385154375347,4.0,1.0,1.0,measured_mps_glue,mps,"Parametric architecture sensitivity from modeled R6 component scaling; not a hardware measurement, layout signoff, device-solver result, or new accuracy run.",One-at-a-time R6 sweep for memory_bandwidth_scale.
20260513_tetc_pivot,R6_memory_bandwidth_conversion_link_sensitivity,r6_sweep_memory_bandwidth_scale_0p25,one_at_a_time_sweep,memory_bandwidth_scale,0.25,False,mobilevit_s_transformer_blocks_256,suds_pareto,lightening_dptc,0.25,1.0,1.0,1.0,1.0,1.0,1.0,1.0,1.0,11567923.479950666,12596671.880075628,0.9183317300062288,8.166826999377118,2021.3894437621695,2017.7818093333337,1.0017879209794383,23383278408.62082,25417335377.757328,0.9199736345723908,8.002636542760921,True,beneficial,0.9422187663361988,0.05741355820265439,0.0003676754611466481,4.0,1.0,1.0,measured_mps_imagenet,mps,"Parametric architecture sensitivity from modeled R6 component scaling; not a hardware measurement, layout signoff, device-solver result, or new accuracy run.",One-at-a-time R6 sweep for memory_bandwidth_scale.
20260513_tetc_pivot,R6_memory_bandwidth_conversion_link_sensitivity,r6_sweep_memory_bandwidth_scale_0p5,one_at_a_time_sweep,memory_bandwidth_scale,0.5,False,bert_base_glue_seq128,suds_pareto,lightening_dptc,0.5,1.0,1.0,1.0,1.0,1.0,1.0,1.0,1.0,69210818.1109254,97700395.693984,0.7083985445433271,29.160145545667294,9863.689317490745,10487.245352000005,0.9405414850535234,682674007255.5299,1024608020630.295,0.6662782190945353,33.37217809054647,True,beneficial,0.9513626334820727,0.04851944146194932,0.00011792505597779691,2.0,1.0,1.0,measured_mps_glue,mps,"Parametric architecture sensitivity from modeled R6 component scaling; not a hardware measurement, layout signoff, device-solver result, or new accuracy run.",One-at-a-time R6 sweep for memory_bandwidth_scale.
20260513_tetc_pivot,R6_memory_bandwidth_conversion_link_sensitivity,r6_sweep_memory_bandwidth_scale_0p5,one_at_a_time_sweep,memory_bandwidth_scale,0.5,False,mobilevit_s_transformer_blocks_256,suds_pareto,lightening_dptc,0.5,1.0,1.0,1.0,1.0,1.0,1.0,1.0,1.0,11465745.687950667,12494494.088075629,0.917663861147706,8.233613885229396,1471.1887667618157,1468.5630920000006,1.001787920979438,16868276258.660748,18348952870.96007,0.9193045716171241,8.06954283828759,True,beneficial,0.9506154145565034,0.04901363341684629,0.0003709520266501047,2.0,1.0,1.0,measured_mps_imagenet,mps,"Parametric architecture sensitivity from modeled R6 component scaling; not a hardware measurement, layout signoff, device-solver result, or new accuracy run.",One-at-a-time R6 sweep for memory_bandwidth_scale.
20260513_tetc_pivot,R6_memory_bandwidth_conversion_link_sensitivity,r6_sweep_memory_bandwidth_scale_0p75,one_at_a_time_sweep,memory_bandwidth_scale,0.75,False,bert_base_glue_seq128,suds_pareto,lightening_dptc,0.75,1.0,1.0,1.0,1.0,1.0,1.0,1.0,1.0,69007298.70256984,97478228.65398401,0.7079252429537194,29.20747570462806,8634.069510974283,9179.892272888892,0.9405414850535234,595813813762.5535,894839637995.6044,0.6658330593145676,33.41669406854324,True,beneficial,0.9541684346645302,0.045713292489648415,0.00011827284582139507,1.3333333333333333,1.0,1.0,measured_mps_glue,mps,"Parametric architecture sensitivity from modeled R6 component scaling; not a hardware measurement, layout signoff, device-solver result, or new accuracy run.",One-at-a-time R6 sweep for memory_bandwidth_scale.
20260513_tetc_pivot,R6_memory_bandwidth_conversion_link_sensitivity,r6_sweep_memory_bandwidth_scale_0p75,one_at_a_time_sweep,memory_bandwidth_scale,0.75,False,mobilevit_s_transformer_blocks_256,suds_pareto,lightening_dptc,0.75,1.0,1.0,1.0,1.0,1.0,1.0,1.0,1.0,11431686.423950667,12460434.824075628,0.917438804130876,8.256119586912403,1287.788541095031,1285.4901862222223,1.0017879209794383,14721594782.1553,16017766682.410843,0.9190791122161323,8.092088778386774,True,beneficial,0.9534476529652667,0.04618028980343191,0.0003720572313013223,1.3333333333333333,1.0,1.0,measured_mps_imagenet,mps,"Parametric architecture sensitivity from modeled R6 component scaling; not a hardware measurement, layout signoff, device-solver result, or new accuracy run.",One-at-a-time R6 sweep for memory_bandwidth_scale.
20260513_tetc_pivot,R6_memory_bandwidth_conversion_link_sensitivity,r6_sweep_memory_bandwidth_scale_1,one_at_a_time_sweep,memory_bandwidth_scale,1.0,False,bert_base_glue_seq128,suds_pareto,lightening_dptc,1.0,1.0,1.0,1.0,1.0,1.0,1.0,1.0,1.0,68905538.99839208,97367145.133984,0.7076877821936058,29.231221780639416,8019.259607716052,8526.215733333336,0.9405414850535234,552571405637.7087,830173284751.1248,0.6656097176186084,33.43902823813916,True,beneficial,0.9555775506667936,0.04430400182203888,0.00011844751116728734,1.0,1.0,1.0,measured_mps_glue,mps,"Parametric architecture sensitivity from modeled R6 component scaling; not a hardware measurement, layout signoff, device-solver result, or new accuracy run.",One-at-a-time R6 sweep for memory_bandwidth_scale.
20260513_tetc_pivot,R6_memory_bandwidth_conversion_link_sensitivity,r6_sweep_memory_bandwidth_scale_1,one_at_a_time_sweep,memory_bandwidth_scale,1.0,False,mobilevit_s_transformer_blocks_256,suds_pareto,lightening_dptc,1.0,1.0,1.0,1.0,1.0,1.0,1.0,1.0,1.0,11414656.791950667,12443405.192075629,0.9173258136140979,8.267418638590208,1196.0884282616387,1193.9537333333335,1.0017879209794383,13652938901.430313,14856850084.458082,0.9189659196812389,8.103408031876114,True,beneficial,0.9548701103336487,0.044757277359426716,0.0003726123069244868,1.0,1.0,1.0,measured_mps_imagenet,mps,"Parametric architecture sensitivity from modeled R6 component scaling; not a hardware measurement, layout signoff, device-solver result, or new accuracy run.",One-at-a-time R6 sweep for memory_bandwidth_scale.
20260513_tetc_pivot,R6_memory_bandwidth_conversion_link_sensitivity,r6_sweep_memory_bandwidth_scale_1p5,one_at_a_time_sweep,memory_bandwidth_scale,1.5,False,bert_base_glue_seq128,suds_pareto,lightening_dptc,1.5,1.0,1.0,1.0,1.0,1.0,1.0,1.0,1.0,68803779.2942143,97256061.613984,0.7074497789896246,29.255022101037543,7404.449704457822,7872.53919377778,0.9405414850535235,509454123260.6262,765652156888.5558,0.6653858657316885,33.46141342683116,True,beneficial,0.9569908347897337,0.042890542517098444,0.000118622693167762,0.6666666666666666,1.0,1.0,measured_mps_glue,mps,"Parametric architecture sensitivity from modeled R6 component scaling; not a hardware measurement, layout signoff, device-solver result, or new accuracy run.",One-at-a-time R6 sweep for memory_bandwidth_scale.
20260513_tetc_pivot,R6_memory_bandwidth_conversion_link_sensitivity,r6_sweep_memory_bandwidth_scale_1p5,one_at_a_time_sweep,memory_bandwidth_scale,1.5,False,mobilevit_s_transformer_blocks_256,suds_pareto,lightening_dptc,1.5,1.0,1.0,1.0,1.0,1.0,1.0,1.0,1.0,11397627.159950666,12426375.560075628,0.917212513403329,8.278748659667102,1104.3883154282464,1102.4172804444447,1.001787920979438,12587406259.057144,13699051150.719887,0.9188524168986459,8.114758310135405,True,beneficial,0.9562968183982817,0.04333001256045101,0.0003731690412672184,0.6666666666666666,1.0,1.0,measured_mps_imagenet,mps,"Parametric architecture sensitivity from modeled R6 component scaling; not a hardware measurement, layout signoff, device-solver result, or new accuracy run.",One-at-a-time R6 sweep for memory_bandwidth_scale.
20260513_tetc_pivot,R6_memory_bandwidth_conversion_link_sensitivity,r6_sweep_memory_bandwidth_scale_2,one_at_a_time_sweep,memory_bandwidth_scale,2.0,False,bert_base_glue_seq128,suds_pareto,lightening_dptc,2.0,1.0,1.0,1.0,1.0,1.0,1.0,1.0,1.0,68752899.44212541,97200519.853984,0.7073305733900085,29.266942660999153,7097.044752828707,7545.7009240000025,0.9405414850535235,487942404227.49585,733446052475.4877,0.6652737479199988,33.47262520800012,True,beneficial,0.9576990456800323,0.04218224384133715,0.00011871047863036408,0.5,1.0,1.0,measured_mps_glue,mps,"Parametric architecture sensitivity from modeled R6 component scaling; not a hardware measurement, layout signoff, device-solver result, or new accuracy run.",One-at-a-time R6 sweep for memory_bandwidth_scale.
20260513_tetc_pivot,R6_memory_bandwidth_conversion_link_sensitivity,r6_sweep_memory_bandwidth_scale_2,one_at_a_time_sweep,memory_bandwidth_scale,2.0,False,mobilevit_s_transformer_blocks_256,suds_pareto,lightening_dptc,2.0,1.0,1.0,1.0,1.0,1.0,1.0,1.0,1.0,11389112.343950666,12417860.744075628,0.9171557467645334,8.284425323546662,1058.5382590115503,1056.6490540000002,1.0017879209794383,12055811152.252495,13121320807.931252,0.9187955487655859,8.12044512344141,True,beneficial,0.9570117724003265,0.042614779566889686,0.00037344803278361823,0.5,1.0,1.0,measured_mps_imagenet,mps,"Parametric architecture sensitivity from modeled R6 component scaling; not a hardware measurement, layout signoff, device-solver result, or new accuracy run.",One-at-a-time R6 sweep for memory_bandwidth_scale.
20260513_tetc_pivot,R6_memory_bandwidth_conversion_link_sensitivity,r6_sweep_memory_bandwidth_scale_4,one_at_a_time_sweep,memory_bandwidth_scale,4.0,False,bert_base_glue_seq128,suds_pareto,lightening_dptc,4.0,1.0,1.0,1.0,1.0,1.0,1.0,1.0,1.0,68676579.66399208,97117207.21398401,0.7071515093372996,29.284849066270034,6635.9373253850345,7055.443519333337,0.9405414850535235,455733478372.06384,685204970253.6562,0.6651053307499444,33.48946692500556,True,beneficial,0.958763329589371,0.04111782800991618,0.00011884240071261538,0.25,1.0,1.0,measured_mps_glue,mps,"Parametric architecture sensitivity from modeled R6 component scaling; not a hardware measurement, layout signoff, device-solver result, or new accuracy run.",One-at-a-time R6 sweep for memory_bandwidth_scale.
20260513_tetc_pivot,R6_memory_bandwidth_conversion_link_sensitivity,r6_sweep_memory_bandwidth_scale_4,one_at_a_time_sweep,memory_bandwidth_scale,4.0,False,mobilevit_s_transformer_blocks_256,suds_pareto,lightening_dptc,4.0,1.0,1.0,1.0,1.0,1.0,1.0,1.0,1.0,11376340.119950667,12405088.520075629,0.9170704506896425,8.292954931035744,989.7631743865062,987.9967143333337,1.0017879209794383,11259882510.02294,12256186698.848877,0.9187101001880534,8.128989981194657,True,beneficial,0.9580862101016306,0.04153992259525107,0.0003738673031180825,0.25,1.0,1.0,measured_mps_imagenet,mps,"Parametric architecture sensitivity from modeled R6 component scaling; not a hardware measurement, layout signoff, device-solver result, or new accuracy run.",One-at-a-time R6 sweep for memory_bandwidth_scale.
20260513_tetc_pivot,R6_memory_bandwidth_conversion_link_sensitivity,r6_sweep_activation_reuse_scale_0p35,one_at_a_time_sweep,activation_reuse_scale,0.35,False,bert_base_glue_seq128,suds_pareto,lightening_dptc,1.0,0.35,1.0,1.0,1.0,1.0,1.0,1.0,1.0,74575008.23115398,103556084.10541257,0.7201412536538369,27.985874634616316,11444.629068726195,12168.12788228572,0.9405414850535233,853483307002.7601,1260083674383.3958,0.6773227241598858,32.26772758401142,True,beneficial,0.8829309945144855,0.11695956279427512,0.00010944269123915997,2.857142857142857,1.0,1.0,measured_mps_glue,mps,"Parametric architecture sensitivity from modeled R6 component scaling; not a hardware measurement, layout signoff, device-solver result, or new accuracy run.",One-at-a-time R6 sweep for activation_reuse_scale.
20260513_tetc_pivot,R6_memory_bandwidth_conversion_link_sensitivity,r6_sweep_activation_reuse_scale_0p35,one_at_a_time_sweep,activation_reuse_scale,0.35,False,mobilevit_s_transformer_blocks_256,suds_pareto,lightening_dptc,1.0,0.35,1.0,1.0,1.0,1.0,1.0,1.0,1.0,12363450.57480781,13392198.974932771,0.9231830110909679,7.68169889090321,1706.9890569048246,1703.9425422857146,1.0017879209794383,21104274836.780594,22819537568.143085,0.9248335893643584,7.516641063564156,True,beneficial,0.8815916336948756,0.11806434894732724,0.00034401735779706597,2.857142857142857,1.0,1.0,measured_mps_imagenet,mps,"Parametric architecture sensitivity from modeled R6 component scaling; not a hardware measurement, layout signoff, device-solver result, or new accuracy run.",One-at-a-time R6 sweep for activation_reuse_scale.
20260513_tetc_pivot,R6_memory_bandwidth_conversion_link_sensitivity,r6_sweep_activation_reuse_scale_0p5,one_at_a_time_sweep,activation_reuse_scale,0.5,False,bert_base_glue_seq128,suds_pareto,lightening_dptc,1.0,0.5,1.0,1.0,1.0,1.0,1.0,1.0,1.0,71958330.1237254,100699650.73398401,0.7145837110579072,28.541628894209282,9863.689317490745,10487.245352000005,0.9405414850535234,709774612145.8628,1056061944107.9977,0.672095624793462,32.7904375206538,True,beneficial,0.9150377179437783,0.08484885961317762,0.00011342244304400563,2.0,1.0,1.0,measured_mps_glue,mps,"Parametric architecture sensitivity from modeled R6 component scaling; not a hardware measurement, layout signoff, device-solver result, or new accuracy run.",One-at-a-time R6 sweep for activation_reuse_scale.
20260513_tetc_pivot,R6_memory_bandwidth_conversion_link_sensitivity,r6_sweep_activation_reuse_scale_0p5,one_at_a_time_sweep,activation_reuse_scale,0.5,False,mobilevit_s_transformer_blocks_256,suds_pareto,lightening_dptc,1.0,0.5,1.0,1.0,1.0,1.0,1.0,1.0,1.0,11925545.751950666,12954294.152075628,0.9205863022679527,7.941369773204732,1471.1887667618157,1468.5630920000006,1.001787920979438,17544728947.77391,19024198274.649708,0.9222322378311609,7.776776216883907,True,beneficial,0.9139635885064487,0.08567976185348727,0.0003566496400640025,2.0,1.0,1.0,measured_mps_imagenet,mps,"Parametric architecture sensitivity from modeled R6 component scaling; not a hardware measurement, layout signoff, device-solver result, or new accuracy run.",One-at-a-time R6 sweep for activation_reuse_scale.
20260513_tetc_pivot,R6_memory_bandwidth_conversion_link_sensitivity,r6_sweep_activation_reuse_scale_0p75,one_at_a_time_sweep,activation_reuse_scale,0.75,False,bert_base_glue_seq128,suds_pareto,lightening_dptc,1.0,0.75,1.0,1.0,1.0,1.0,1.0,1.0,1.0,69923136.04016985,98477980.333984,0.7100382827006446,28.99617172993554,8634.069510974283,9179.892272888892,0.9405414850535234,603721216996.1376,904017250717.644,0.6678204608561177,33.21795391438823,True,beneficial,0.9416709534542608,0.058212322810760816,0.00011672373497823702,1.3333333333333333,1.0,1.0,measured_mps_glue,mps,"Parametric architecture sensitivity from modeled R6 component scaling; not a hardware measurement, layout signoff, device-solver result, or new accuracy run.",One-at-a-time R6 sweep for activation_reuse_scale.
20260513_tetc_pivot,R6_memory_bandwidth_conversion_link_sensitivity,r6_sweep_activation_reuse_scale_0p75,one_at_a_time_sweep,activation_reuse_scale,0.75,False,mobilevit_s_transformer_blocks_256,suds_pareto,lightening_dptc,1.0,0.75,1.0,1.0,1.0,1.0,1.0,1.0,1.0,11584953.111950666,12613701.512075627,0.9184419895190878,8.155801048091217,1287.788541095031,1285.4901862222223,1.0017879209794383,14918969866.693287,16214789505.709625,0.920084091220546,7.991590877945399,True,beneficial,0.9408337250072316,0.058799140006644574,0.0003671349861237239,1.3333333333333333,1.0,1.0,measured_mps_imagenet,mps,"Parametric architecture sensitivity from modeled R6 component scaling; not a hardware measurement, layout signoff, device-solver result, or new accuracy run.",One-at-a-time R6 sweep for activation_reuse_scale.
20260513_tetc_pivot,R6_memory_bandwidth_conversion_link_sensitivity,r6_sweep_activation_reuse_scale_1,one_at_a_time_sweep,activation_reuse_scale,1.0,False,bert_base_glue_seq128,suds_pareto,lightening_dptc,1.0,1.0,1.0,1.0,1.0,1.0,1.0,1.0,1.0,68905538.99839208,97367145.133984,0.7076877821936058,29.231221780639416,8019.259607716052,8526.215733333336,0.9405414850535234,552571405637.7087,830173284751.1248,0.6656097176186084,33.43902823813916,True,beneficial,0.9555775506667936,0.04430400182203888,0.00011844751116728734,1.0,1.0,1.0,measured_mps_glue,mps,"Parametric architecture sensitivity from modeled R6 component scaling; not a hardware measurement, layout signoff, device-solver result, or new accuracy run.",One-at-a-time R6 sweep for activation_reuse_scale.
20260513_tetc_pivot,R6_memory_bandwidth_conversion_link_sensitivity,r6_sweep_activation_reuse_scale_1,one_at_a_time_sweep,activation_reuse_scale,1.0,False,mobilevit_s_transformer_blocks_256,suds_pareto,lightening_dptc,1.0,1.0,1.0,1.0,1.0,1.0,1.0,1.0,1.0,11414656.791950667,12443405.192075629,0.9173258136140979,8.267418638590208,1196.0884282616387,1193.9537333333335,1.0017879209794383,13652938901.430313,14856850084.458082,0.9189659196812389,8.103408031876114,True,beneficial,0.9548701103336487,0.044757277359426716,0.0003726123069244868,1.0,1.0,1.0,measured_mps_imagenet,mps,"Parametric architecture sensitivity from modeled R6 component scaling; not a hardware measurement, layout signoff, device-solver result, or new accuracy run.",One-at-a-time R6 sweep for activation_reuse_scale.
20260513_tetc_pivot,R6_memory_bandwidth_conversion_link_sensitivity,r6_sweep_activation_reuse_scale_1p25,one_at_a_time_sweep,activation_reuse_scale,1.25,False,bert_base_glue_seq128,suds_pareto,lightening_dptc,1.0,1.25,1.0,1.0,1.0,1.0,1.0,1.0,1.0,68294980.7733254,96700644.01398401,0.7062515608835983,29.37484391164017,7650.373665761115,8134.009809600005,0.9405414850535234,522482122411.91034,786563987004.3839,0.6642588918948285,33.574110810517155,True,beneficial,0.9641204293182297,0.0357600642479506,0.00011950643381962537,0.8,1.0,1.0,measured_mps_glue,mps,"Parametric architecture sensitivity from modeled R6 component scaling; not a hardware measurement, layout signoff, device-solver result, or new accuracy run.",One-at-a-time R6 sweep for activation_reuse_scale.
20260513_tetc_pivot,R6_memory_bandwidth_conversion_link_sensitivity,r6_sweep_activation_reuse_scale_1p25,one_at_a_time_sweep,activation_reuse_scale,1.25,False,mobilevit_s_transformer_blocks_256,suds_pareto,lightening_dptc,1.0,1.25,1.0,1.0,1.0,1.0,1.0,1.0,1.0,11312478.999950666,12341227.400075627,0.916641322068285,8.335867793171502,1141.0683605616034,1139.0318616000004,1.001787920979438,12908311866.361273,14057051219.937075,0.9182802043186307,8.171979568136933,True,beneficial,0.9634947910531545,0.03612923109088489,0.00037597785596053243,0.8,1.0,1.0,measured_mps_imagenet,mps,"Parametric architecture sensitivity from modeled R6 component scaling; not a hardware measurement, layout signoff, device-solver result, or new accuracy run.",One-at-a-time R6 sweep for activation_reuse_scale.
20260513_tetc_pivot,R6_memory_bandwidth_conversion_link_sensitivity,r6_sweep_activation_reuse_scale_1p5,one_at_a_time_sweep,activation_reuse_scale,1.5,False,bert_base_glue_seq128,suds_pareto,lightening_dptc,1.0,1.5,1.0,1.0,1.0,1.0,1.0,1.0,1.0,67887941.95661429,96256309.93398401,0.705283030309122,29.4716969690878,7404.449704457822,7872.53919377778,0.9405414850535235,502672851756.9024,757781572603.7107,0.6633479487099907,33.66520512900093,True,beneficial,0.9699010499616939,0.029978727074333817,0.00012022296397224647,0.6666666666666666,1.0,1.0,measured_mps_glue,mps,"Parametric architecture sensitivity from modeled R6 component scaling; not a hardware measurement, layout signoff, device-solver result, or new accuracy run.",One-at-a-time R6 sweep for activation_reuse_scale.
20260513_tetc_pivot,R6_memory_bandwidth_conversion_link_sensitivity,r6_sweep_activation_reuse_scale_1p5,one_at_a_time_sweep,activation_reuse_scale,1.5,False,mobilevit_s_transformer_blocks_256,suds_pareto,lightening_dptc,1.0,1.5,1.0,1.0,1.0,1.0,1.0,1.0,1.0,11244360.471950667,12273108.872075628,0.9161786625664489,8.382133743355114,1104.3883154282464,1102.4172804444447,1.001787920979438,12418140319.685558,13530087305.352201,0.9178167176181649,8.218328238183513,True,beneficial,0.9693316589716038,0.030290085492155526,0.00037825553624057276,0.6666666666666666,1.0,1.0,measured_mps_imagenet,mps,"Parametric architecture sensitivity from modeled R6 component scaling; not a hardware measurement, layout signoff, device-solver result, or new accuracy run.",One-at-a-time R6 sweep for activation_reuse_scale.
20260513_tetc_pivot,R6_memory_bandwidth_conversion_link_sensitivity,r6_sweep_activation_reuse_scale_2,one_at_a_time_sweep,activation_reuse_scale,2.0,False,bert_base_glue_seq128,suds_pareto,lightening_dptc,1.0,2.0,1.0,1.0,1.0,1.0,1.0,1.0,1.0,67379143.4357254,95700892.333984,0.7040597197420138,29.594028025798625,7097.044752828707,7545.7009240000025,0.9405414850535235,478192796370.6078,722130311712.1678,0.6621973743725211,33.780262562747886,True,beneficial,0.9772250406577144,0.022653828541509026,0.00012113080077643954,0.5,1.0,1.0,measured_mps_glue,mps,"Parametric architecture sensitivity from modeled R6 component scaling; not a hardware measurement, layout signoff, device-solver result, or new accuracy run.",One-at-a-time R6 sweep for activation_reuse_scale.
20260513_tetc_pivot,R6_memory_bandwidth_conversion_link_sensitivity,r6_sweep_activation_reuse_scale_2,one_at_a_time_sweep,activation_reuse_scale,2.0,False,mobilevit_s_transformer_blocks_256,suds_pareto,lightening_dptc,1.0,2.0,1.0,1.0,1.0,1.0,1.0,1.0,1.0,11159212.311950667,12187960.712075628,0.9155930656138648,8.440693438613522,1058.5382590115503,1056.6490540000002,1.0017879209794383,11812453172.632515,12878397156.603882,0.9172300736645038,8.276992633549618,True,beneficial,0.9767279522657809,0.02289090599400447,0.0003811417402145043,0.5,1.0,1.0,measured_mps_imagenet,mps,"Parametric architecture sensitivity from modeled R6 component scaling; not a hardware measurement, layout signoff, device-solver result, or new accuracy run.",One-at-a-time R6 sweep for activation_reuse_scale.
20260513_tetc_pivot,R6_memory_bandwidth_conversion_link_sensitivity,r6_sweep_batch_size_scale_1,one_at_a_time_sweep,batch_size_scale,1.0,False,bert_base_glue_seq128,suds_pareto,lightening_dptc,1.0,1.0,1.0,1.0,1.0,1.0,1.0,1.0,1.0,68905538.99839208,97367145.133984,0.7076877821936058,29.231221780639416,8019.259607716052,8526.215733333336,0.9405414850535234,552571405637.7087,830173284751.1248,0.6656097176186084,33.43902823813916,True,beneficial,0.9555775506667936,0.04430400182203888,0.00011844751116728734,1.0,1.0,1.0,measured_mps_glue,mps,"Parametric architecture sensitivity from modeled R6 component scaling; not a hardware measurement, layout signoff, device-solver result, or new accuracy run.",One-at-a-time R6 sweep for batch_size_scale.
20260513_tetc_pivot,R6_memory_bandwidth_conversion_link_sensitivity,r6_sweep_batch_size_scale_1,one_at_a_time_sweep,batch_size_scale,1.0,False,mobilevit_s_transformer_blocks_256,suds_pareto,lightening_dptc,1.0,1.0,1.0,1.0,1.0,1.0,1.0,1.0,1.0,11414656.791950667,12443405.192075629,0.9173258136140979,8.267418638590208,1196.0884282616387,1193.9537333333335,1.0017879209794383,13652938901.430313,14856850084.458082,0.9189659196812389,8.103408031876114,True,beneficial,0.9548701103336487,0.044757277359426716,0.0003726123069244868,1.0,1.0,1.0,measured_mps_imagenet,mps,"Parametric architecture sensitivity from modeled R6 component scaling; not a hardware measurement, layout signoff, device-solver result, or new accuracy run.",One-at-a-time R6 sweep for batch_size_scale.
20260513_tetc_pivot,R6_memory_bandwidth_conversion_link_sensitivity,r6_sweep_batch_size_scale_2,one_at_a_time_sweep,batch_size_scale,2.0,False,bert_base_glue_seq128,suds_pareto,lightening_dptc,1.0,1.0,2.0,1.0,1.0,1.0,1.0,1.0,1.0,136838046.04759514,193673460.11213773,0.7065399976246892,29.34600023753108,15497.646587374402,16477.366318926885,0.9405414850535235,2120667677352.4941,3191228548521.7676,0.6645301786156382,33.54698213843618,True,beneficial,0.9623724992471261,0.03751999079142461,0.0001075099614492818,1.7411011265922482,2.0,1.8025009252216604,measured_mps_glue,mps,"Parametric architecture sensitivity from modeled R6 component scaling; not a hardware measurement, layout signoff, device-solver result, or new accuracy run.",One-at-a-time R6 sweep for batch_size_scale.
20260513_tetc_pivot,R6_memory_bandwidth_conversion_link_sensitivity,r6_sweep_batch_size_scale_2,one_at_a_time_sweep,batch_size_scale,2.0,False,mobilevit_s_transformer_blocks_256,suds_pareto,lightening_dptc,1.0,1.0,2.0,1.0,1.0,1.0,1.0,1.0,1.0,22665905.042733923,24724031.851444453,0.9167560201719167,8.324397982808328,2311.5046344941,2307.379222774183,1.001787920979438,52392344551.28266,57047717397.23004,0.9183951074934082,8.160489250659175,True,beneficial,0.9617541915754876,0.0379075703570388,0.0003382380674734591,1.7411011265922482,2.0,1.8025009252216604,measured_mps_imagenet,mps,"Parametric architecture sensitivity from modeled R6 component scaling; not a hardware measurement, layout signoff, device-solver result, or new accuracy run.",One-at-a-time R6 sweep for batch_size_scale.
20260513_tetc_pivot,R6_memory_bandwidth_conversion_link_sensitivity,r6_sweep_batch_size_scale_4,one_at_a_time_sweep,batch_size_scale,4.0,False,bert_base_glue_seq128,suds_pareto,lightening_dptc,1.0,1.0,4.0,1.0,1.0,1.0,1.0,1.0,1.0,272039459.3666559,385562775.03068054,0.7055646368999413,29.443536310005868,30049.68944160903,31949.35036799466,0.9405414850535233,8174701269831.228,12318480188311.516,0.6636128113911207,33.63871886088793,True,beneficial,0.9681622855265732,0.03174023814478877,9.747632863776128e-05,3.0314331330207964,4.0,3.249009585424942,measured_mps_glue,mps,"Parametric architecture sensitivity from modeled R6 component scaling; not a hardware measurement, layout signoff, device-solver result, or new accuracy run.",One-at-a-time R6 sweep for batch_size_scale.
20260513_tetc_pivot,R6_memory_bandwidth_conversion_link_sensitivity,r6_sweep_batch_size_scale_4,one_at_a_time_sweep,batch_size_scale,4.0,False,mobilevit_s_transformer_blocks_256,suds_pareto,lightening_dptc,1.0,1.0,4.0,1.0,1.0,1.0,1.0,1.0,1.0,45056889.37632757,49174278.58458176,0.9162694537313422,8.373054626865784,4481.9706022961755,4473.971494799215,1.0017879209794383,201943653615.61102,220004320664.7343,0.9179076711104868,8.209232888951323,True,beneficial,0.9676224649522441,0.032070837827445894,0.00030669722030985086,3.0314331330207964,4.0,3.249009585424942,measured_mps_imagenet,mps,"Parametric architecture sensitivity from modeled R6 component scaling; not a hardware measurement, layout signoff, device-solver result, or new accuracy run.",One-at-a-time R6 sweep for batch_size_scale.
20260513_tetc_pivot,R6_memory_bandwidth_conversion_link_sensitivity,r6_sweep_batch_size_scale_8,one_at_a_time_sweep,batch_size_scale,8.0,False,bert_base_glue_seq128,suds_pareto,lightening_dptc,1.0,1.0,8.0,1.0,1.0,1.0,1.0,1.0,1.0,541326090.8271165,768124899.7868958,0.7047370694236041,29.526293057639585,58445.975806107854,62140.773942344356,0.9405414850535234,31638331607696.594,47731875757143.4,0.6628344498479447,33.71655501520553,True,beneficial,0.9730857211460371,0.026825981517473216,8.829733648973118e-05,5.278031643091577,8.0,5.856342783782502,measured_mps_glue,mps,"Parametric architecture sensitivity from modeled R6 component scaling; not a hardware measurement, layout signoff, device-solver result, or new accuracy run.",One-at-a-time R6 sweep for batch_size_scale.
20260513_tetc_pivot,R6_memory_bandwidth_conversion_link_sensitivity,r6_sweep_batch_size_scale_8,one_at_a_time_sweep,batch_size_scale,8.0,False,mobilevit_s_transformer_blocks_256,suds_pareto,lightening_dptc,1.0,1.0,8.0,1.0,1.0,1.0,1.0,1.0,1.0,89651236.30839054,97888061.62842634,0.9158546488406115,8.414535115938849,8717.332866101742,8701.774780413494,1.0017879209794383,781519668757.7867,851799865981.8022,0.9174921245813897,8.250787541861026,True,beneficial,0.9726147715672333,0.027107391318884875,0.00027783711388163347,5.278031643091577,8.0,5.856342783782502,measured_mps_imagenet,mps,"Parametric architecture sensitivity from modeled R6 component scaling; not a hardware measurement, layout signoff, device-solver result, or new accuracy run.",One-at-a-time R6 sweep for batch_size_scale.
20260513_tetc_pivot,R6_memory_bandwidth_conversion_link_sensitivity,r6_sweep_batch_size_scale_16,one_at_a_time_sweep,batch_size_scale,16.0,False,bert_base_glue_seq128,suds_pareto,lightening_dptc,1.0,1.0,16.0,1.0,1.0,1.0,1.0,1.0,1.0,1078021863.249946,1531203169.4133291,0.7040358097371124,29.596419026288757,114000.57168342559,121207.38265674496,0.9405414850535234,122895108697725.5,185593128480302.06,0.6621748860210036,33.78251139789964,True,beneficial,0.977265317940102,0.02265476224112924,7.991981876883995e-05,9.18958683997628,16.0,10.556063286183154,measured_mps_glue,mps,"Parametric architecture sensitivity from modeled R6 component scaling; not a hardware measurement, layout signoff, device-solver result, or new accuracy run.",One-at-a-time R6 sweep for batch_size_scale.
20260513_tetc_pivot,R6_memory_bandwidth_conversion_link_sensitivity,r6_sweep_batch_size_scale_16,one_at_a_time_sweep,batch_size_scale,16.0,False,mobilevit_s_transformer_blocks_256,suds_pareto,lightening_dptc,1.0,1.0,16.0,1.0,1.0,1.0,1.0,1.0,1.0,178524242.6131117,195001582.7986853,0.9155015054283718,8.449849457162816,17003.41069823423,16973.064200664514,1.001787920979438,3035521016741.947,3309774384073.2827,0.9171383497766343,8.286165022336567,True,beneficial,0.9768546326985085,0.022893874916794198,0.000251492384697166,9.18958683997628,16.0,10.556063286183154,measured_mps_imagenet,mps,"Parametric architecture sensitivity from modeled R6 component scaling; not a hardware measurement, layout signoff, device-solver result, or new accuracy run.",One-at-a-time R6 sweep for batch_size_scale.
20260513_tetc_pivot,R6_memory_bandwidth_conversion_link_sensitivity,r6_sweep_sequence_length_scale_0p5,one_at_a_time_sweep,sequence_length_scale,0.5,False,bert_base_glue_seq128,suds_pareto,lightening_dptc,1.0,1.0,1.0,0.5,1.0,1.0,1.0,1.0,1.0,34452769.49919604,48683572.566992,0.7076877821936058,29.231221780639416,4009.629803858026,4263.107866666668,0.9405414850535234,138142851409.4272,207543321187.7812,0.6656097176186084,33.43902823813916,True,beneficial,0.9555775506667936,0.04430400182203888,0.00011844751116728734,0.5,0.5,0.5,measured_mps_glue,mps,"Parametric architecture sensitivity from modeled R6 component scaling; not a hardware measurement, layout signoff, device-solver result, or new accuracy run.",One-at-a-time R6 sweep for sequence_length_scale.
20260513_tetc_pivot,R6_memory_bandwidth_conversion_link_sensitivity,r6_sweep_sequence_length_scale_0p5,one_at_a_time_sweep,sequence_length_scale,0.5,False,mobilevit_s_transformer_blocks_256,suds_pareto,lightening_dptc,1.0,1.0,1.0,0.5,1.0,1.0,1.0,1.0,1.0,5707328.395975334,6221702.596037814,0.9173258136140979,8.267418638590208,598.0442141308193,596.9768666666668,1.0017879209794383,3413234725.3575783,3714212521.1145205,0.9189659196812389,8.103408031876114,True,beneficial,0.9548701103336487,0.044757277359426716,0.0003726123069244868,0.5,0.5,0.5,measured_mps_imagenet,mps,"Parametric architecture sensitivity from modeled R6 component scaling; not a hardware measurement, layout signoff, device-solver result, or new accuracy run.",One-at-a-time R6 sweep for sequence_length_scale.
20260513_tetc_pivot,R6_memory_bandwidth_conversion_link_sensitivity,r6_sweep_sequence_length_scale_1,one_at_a_time_sweep,sequence_length_scale,1.0,False,bert_base_glue_seq128,suds_pareto,lightening_dptc,1.0,1.0,1.0,1.0,1.0,1.0,1.0,1.0,1.0,68905538.99839208,97367145.133984,0.7076877821936058,29.231221780639416,8019.259607716052,8526.215733333336,0.9405414850535234,552571405637.7087,830173284751.1248,0.6656097176186084,33.43902823813916,True,beneficial,0.9555775506667936,0.04430400182203888,0.00011844751116728734,1.0,1.0,1.0,measured_mps_glue,mps,"Parametric architecture sensitivity from modeled R6 component scaling; not a hardware measurement, layout signoff, device-solver result, or new accuracy run.",One-at-a-time R6 sweep for sequence_length_scale.
20260513_tetc_pivot,R6_memory_bandwidth_conversion_link_sensitivity,r6_sweep_sequence_length_scale_1,one_at_a_time_sweep,sequence_length_scale,1.0,False,mobilevit_s_transformer_blocks_256,suds_pareto,lightening_dptc,1.0,1.0,1.0,1.0,1.0,1.0,1.0,1.0,1.0,11414656.791950667,12443405.192075629,0.9173258136140979,8.267418638590208,1196.0884282616387,1193.9537333333335,1.0017879209794383,13652938901.430313,14856850084.458082,0.9189659196812389,8.103408031876114,True,beneficial,0.9548701103336487,0.044757277359426716,0.0003726123069244868,1.0,1.0,1.0,measured_mps_imagenet,mps,"Parametric architecture sensitivity from modeled R6 component scaling; not a hardware measurement, layout signoff, device-solver result, or new accuracy run.",One-at-a-time R6 sweep for sequence_length_scale.
20260513_tetc_pivot,R6_memory_bandwidth_conversion_link_sensitivity,r6_sweep_sequence_length_scale_2,one_at_a_time_sweep,sequence_length_scale,2.0,False,bert_base_glue_seq128,suds_pareto,lightening_dptc,1.0,1.0,1.0,2.0,1.0,1.0,1.0,1.0,1.0,137811077.99678415,194734290.267968,0.7076877821936058,29.231221780639416,16038.519215432105,17052.431466666672,0.9405414850535234,2210285622550.835,3320693139004.499,0.6656097176186084,33.43902823813916,True,beneficial,0.9555775506667936,0.04430400182203888,0.00011844751116728734,2.0,2.0,2.0,measured_mps_glue,mps,"Parametric architecture sensitivity from modeled R6 component scaling; not a hardware measurement, layout signoff, device-solver result, or new accuracy run.",One-at-a-time R6 sweep for sequence_length_scale.
20260513_tetc_pivot,R6_memory_bandwidth_conversion_link_sensitivity,r6_sweep_sequence_length_scale_2,one_at_a_time_sweep,sequence_length_scale,2.0,False,mobilevit_s_transformer_blocks_256,suds_pareto,lightening_dptc,1.0,1.0,1.0,2.0,1.0,1.0,1.0,1.0,1.0,22829313.583901335,24886810.384151258,0.9173258136140979,8.267418638590208,2392.1768565232774,2387.907466666667,1.0017879209794383,54611755605.72125,59427400337.83233,0.9189659196812389,8.103408031876114,True,beneficial,0.9548701103336487,0.044757277359426716,0.0003726123069244868,2.0,2.0,2.0,measured_mps_imagenet,mps,"Parametric architecture sensitivity from modeled R6 component scaling; not a hardware measurement, layout signoff, device-solver result, or new accuracy run.",One-at-a-time R6 sweep for sequence_length_scale.
20260513_tetc_pivot,R6_memory_bandwidth_conversion_link_sensitivity,r6_sweep_sequence_length_scale_4,one_at_a_time_sweep,sequence_length_scale,4.0,False,bert_base_glue_seq128,suds_pareto,lightening_dptc,1.0,1.0,1.0,4.0,1.0,1.0,1.0,1.0,1.0,275622155.9935683,389468580.535936,0.7076877821936058,29.231221780639416,32077.03843086421,34104.862933333345,0.9405414850535234,8841142490203.34,13282772556017.996,0.6656097176186084,33.43902823813916,True,beneficial,0.9555775506667936,0.04430400182203888,0.00011844751116728734,4.0,4.0,4.0,measured_mps_glue,mps,"Parametric architecture sensitivity from modeled R6 component scaling; not a hardware measurement, layout signoff, device-solver result, or new accuracy run.",One-at-a-time R6 sweep for sequence_length_scale.
20260513_tetc_pivot,R6_memory_bandwidth_conversion_link_sensitivity,r6_sweep_sequence_length_scale_4,one_at_a_time_sweep,sequence_length_scale,4.0,False,mobilevit_s_transformer_blocks_256,suds_pareto,lightening_dptc,1.0,1.0,1.0,4.0,1.0,1.0,1.0,1.0,1.0,45658627.16780267,49773620.768302515,0.9173258136140979,8.267418638590208,4784.353713046555,4775.814933333334,1.0017879209794383,218447022422.885,237709601351.3293,0.9189659196812389,8.103408031876114,True,beneficial,0.9548701103336487,0.044757277359426716,0.0003726123069244868,4.0,4.0,4.0,measured_mps_imagenet,mps,"Parametric architecture sensitivity from modeled R6 component scaling; not a hardware measurement, layout signoff, device-solver result, or new accuracy run.",One-at-a-time R6 sweep for sequence_length_scale.
20260513_tetc_pivot,R6_memory_bandwidth_conversion_link_sensitivity,r6_sweep_adc_energy_scale_0p5,one_at_a_time_sweep,adc_energy_scale,0.5,False,bert_base_glue_seq128,suds_pareto,lightening_dptc,1.0,1.0,1.0,1.0,0.5,1.0,1.0,1.0,1.0,68033621.96069127,96121961.13303609,0.7077843726734873,29.221562732651275,7836.05424051369,8331.428613239494,0.9405414850535234,533115151862.5802,800833257344.4714,0.6657005649719981,33.429943502800185,True,beneficial,0.9550082337715032,0.04487180069726681,0.00011996553122977476,1.0,0.809619407771256,1.0,measured_mps_glue,mps,"Parametric architecture sensitivity from modeled R6 component scaling; not a hardware measurement, layout signoff, device-solver result, or new accuracy run.",One-at-a-time R6 sweep for adc_energy_scale.
20260513_tetc_pivot,R6_memory_bandwidth_conversion_link_sensitivity,r6_sweep_adc_energy_scale_0p5,one_at_a_time_sweep,adc_energy_scale,0.5,False,mobilevit_s_transformer_blocks_256,suds_pareto,lightening_dptc,1.0,1.0,1.0,1.0,0.5,1.0,1.0,1.0,1.0,11281732.327489534,11794511.561952017,0.9565239109929181,4.347608900708188,1168.762985461991,1166.6770590718472,1.0017879209794383,13185671156.259726,13760386062.287079,0.9582341001607166,4.176589983928336,True,thin_margin_boundary,0.9543383775960733,0.04528461987660768,0.0003770025273189983,1.0,0.809619407771256,1.0,measured_mps_imagenet,mps,"Parametric architecture sensitivity from modeled R6 component scaling; not a hardware measurement, layout signoff, device-solver result, or new accuracy run.",One-at-a-time R6 sweep for adc_energy_scale.
20260513_tetc_pivot,R6_memory_bandwidth_conversion_link_sensitivity,r6_sweep_adc_energy_scale_1,one_at_a_time_sweep,adc_energy_scale,1.0,False,bert_base_glue_seq128,suds_pareto,lightening_dptc,1.0,1.0,1.0,1.0,1.0,1.0,1.0,1.0,1.0,68905538.99839208,97367145.133984,0.7076877821936058,29.231221780639416,8019.259607716052,8526.215733333336,0.9405414850535234,552571405637.7087,830173284751.1248,0.6656097176186084,33.43902823813916,True,beneficial,0.9555775506667936,0.04430400182203888,0.00011844751116728734,1.0,1.0,1.0,measured_mps_glue,mps,"Parametric architecture sensitivity from modeled R6 component scaling; not a hardware measurement, layout signoff, device-solver result, or new accuracy run.",One-at-a-time R6 sweep for adc_energy_scale.
20260513_tetc_pivot,R6_memory_bandwidth_conversion_link_sensitivity,r6_sweep_adc_energy_scale_1,one_at_a_time_sweep,adc_energy_scale,1.0,False,mobilevit_s_transformer_blocks_256,suds_pareto,lightening_dptc,1.0,1.0,1.0,1.0,1.0,1.0,1.0,1.0,1.0,11414656.791950667,12443405.192075629,0.9173258136140979,8.267418638590208,1196.0884282616387,1193.9537333333335,1.0017879209794383,13652938901.430313,14856850084.458082,0.9189659196812389,8.103408031876114,True,beneficial,0.9548701103336487,0.044757277359426716,0.0003726123069244868,1.0,1.0,1.0,measured_mps_imagenet,mps,"Parametric architecture sensitivity from modeled R6 component scaling; not a hardware measurement, layout signoff, device-solver result, or new accuracy run.",One-at-a-time R6 sweep for adc_energy_scale.
20260513_tetc_pivot,R6_memory_bandwidth_conversion_link_sensitivity,r6_sweep_adc_energy_scale_2,one_at_a_time_sweep,adc_energy_scale,2.0,False,bert_base_glue_seq128,suds_pareto,lightening_dptc,1.0,1.0,1.0,1.0,2.0,1.0,1.0,1.0,1.0,70649373.07379368,99857513.13587984,0.707501827906113,29.249817209388695,8278.351122713178,8801.686320345649,0.9405414850535234,584860316904.4221,878914507351.8096,0.6654348198968979,33.45651801031021,True,beneficial,0.9566740272169696,0.04321044890440394,0.000115523878626284,1.0,1.2692388155425118,1.0,measured_mps_glue,mps,"Parametric architecture sensitivity from modeled R6 component scaling; not a hardware measurement, layout signoff, device-solver result, or new accuracy run.",One-at-a-time R6 sweep for adc_energy_scale.
20260513_tetc_pivot,R6_memory_bandwidth_conversion_link_sensitivity,r6_sweep_adc_energy_scale_2,one_at_a_time_sweep,adc_energy_scale,2.0,False,mobilevit_s_transformer_blocks_256,suds_pareto,lightening_dptc,1.0,1.0,1.0,1.0,2.0,1.0,1.0,1.0,1.0,11680505.72087293,13741192.452322852,0.8500358146791273,14.996418532087274,1234.732440066751,1232.5287760103608,1.0017879209794383,14422299329.947077,16936415114.184294,0.8515556115454659,14.84443884545341,True,beneficial,0.9558972690129806,0.043738599355937754,0.0003641316310816496,1.0,1.2692388155425118,1.0,measured_mps_imagenet,mps,"Parametric architecture sensitivity from modeled R6 component scaling; not a hardware measurement, layout signoff, device-solver result, or new accuracy run.",One-at-a-time R6 sweep for adc_energy_scale.
20260513_tetc_pivot,R6_memory_bandwidth_conversion_link_sensitivity,r6_sweep_adc_energy_scale_4,one_at_a_time_sweep,adc_energy_scale,4.0,False,bert_base_glue_seq128,suds_pareto,lightening_dptc,1.0,1.0,1.0,1.0,4.0,1.0,1.0,1.0,1.0,74137041.22459687,104838249.13967152,0.7071564227081594,29.284357729184062,8644.761857117905,9191.260560533337,0.9405414850535233,640897066177.9727,963595664552.8309,0.6651099519790692,33.48900480209308,True,beneficial,0.9587122339336386,0.04117767683882819,0.00011008922753302634,1.0,1.65,1.0,measured_mps_glue,mps,"Parametric architecture sensitivity from modeled R6 component scaling; not a hardware measurement, layout signoff, device-solver result, or new accuracy run.",One-at-a-time R6 sweep for adc_energy_scale.
20260513_tetc_pivot,R6_memory_bandwidth_conversion_link_sensitivity,r6_sweep_adc_energy_scale_4,one_at_a_time_sweep,adc_energy_scale,4.0,False,mobilevit_s_transformer_blocks_256,suds_pareto,lightening_dptc,1.0,1.0,1.0,1.0,4.0,1.0,1.0,1.0,1.0,12212203.578717453,16336766.972817298,0.7475287857773393,25.247121422266073,1289.3833256660466,1287.0821245333336,1.0017879209794383,15746211664.037506,21026760743.379684,0.7488653081761646,25.11346918238354,True,beneficial,0.9578174243264538,0.04183429769303391,0.00034827798051223464,1.0,1.65,1.0,measured_mps_imagenet,mps,"Parametric architecture sensitivity from modeled R6 component scaling; not a hardware measurement, layout signoff, device-solver result, or new accuracy run.",One-at-a-time R6 sweep for adc_energy_scale.
20260513_tetc_pivot,R6_memory_bandwidth_conversion_link_sensitivity,r6_sweep_adc_energy_scale_8,one_at_a_time_sweep,adc_energy_scale,8.0,False,bert_base_glue_seq128,suds_pareto,lightening_dptc,1.0,1.0,1.0,1.0,8.0,1.0,1.0,1.0,1.0,81112377.52620326,114799721.14725487,0.7065555274490564,29.344447255094362,9162.944887112155,9742.201734557959,0.9405414850535234,743228244935.235,1118402042487.5564,0.664544785059711,33.5455214940289,True,beneficial,0.9622628147726959,0.03763656322793809,0.00010062199936579808,1.0,2.1884776310850236,1.0,measured_mps_glue,mps,"Parametric architecture sensitivity from modeled R6 component scaling; not a hardware measurement, layout signoff, device-solver result, or new accuracy run.",One-at-a-time R6 sweep for adc_energy_scale.
20260513_tetc_pivot,R6_memory_bandwidth_conversion_link_sensitivity,r6_sweep_adc_energy_scale_8,one_at_a_time_sweep,adc_energy_scale,8.0,False,mobilevit_s_transformer_blocks_256,suds_pareto,lightening_dptc,1.0,1.0,1.0,1.0,8.0,1.0,1.0,1.0,1.0,13275599.294406505,21527916.013806198,0.6166690396735407,38.33309603264593,1366.6713492762708,1364.2322098873879,1.0017879209794383,18143381200.137646,29369076437.784916,0.6177715951869429,38.22284048130571,True,beneficial,0.9611963128612168,0.03848330675476595,0.0003203803840171679,1.0,2.1884776310850236,1.0,measured_mps_imagenet,mps,"Parametric architecture sensitivity from modeled R6 component scaling; not a hardware measurement, layout signoff, device-solver result, or new accuracy run.",One-at-a-time R6 sweep for adc_energy_scale.
20260513_tetc_pivot,R6_memory_bandwidth_conversion_link_sensitivity,r6_sweep_dac_energy_scale_0p5,one_at_a_time_sweep,dac_energy_scale,0.5,False,bert_base_glue_seq128,suds_pareto,lightening_dptc,1.0,1.0,1.0,1.0,1.0,0.5,1.0,1.0,1.0,37741044.27837122,52861155.98010302,0.7139655495346522,28.60344504653478,7920.610563837858,8421.330360975113,0.9405414850535235,298932114001.5394,445161257771.4827,0.6715142182363768,32.84857817636232,True,beneficial,0.918895916277348,0.0808878287208083,0.00021625500184363817,1.0,0.8974873734152917,1.0,measured_mps_glue,mps,"Parametric architecture sensitivity from modeled R6 component scaling; not a hardware measurement, layout signoff, device-solver result, or new accuracy run.",One-at-a-time R6 sweep for dac_energy_scale.
20260513_tetc_pivot,R6_memory_bandwidth_conversion_link_sensitivity,r6_sweep_dac_energy_scale_0p5,one_at_a_time_sweep,dac_energy_scale,0.5,False,mobilevit_s_transformer_blocks_256,suds_pareto,lightening_dptc,1.0,1.0,1.0,1.0,1.0,0.5,1.0,1.0,1.0,6744762.815062294,7773511.215187253,0.8676597522474689,13.234024775253106,1181.3747282925976,1179.2662933463794,1.0017879209794383,7968092338.042233,9167039757.020382,0.8692110593215263,13.078894067847369,True,beneficial,0.923623377763619,0.07574602310092968,0.0006305991354509502,1.0,0.8974873734152917,1.0,measured_mps_imagenet,mps,"Parametric architecture sensitivity from modeled R6 component scaling; not a hardware measurement, layout signoff, device-solver result, or new accuracy run.",One-at-a-time R6 sweep for dac_energy_scale.
20260513_tetc_pivot,R6_memory_bandwidth_conversion_link_sensitivity,r6_sweep_dac_energy_scale_1,one_at_a_time_sweep,dac_energy_scale,1.0,False,bert_base_glue_seq128,suds_pareto,lightening_dptc,1.0,1.0,1.0,1.0,1.0,1.0,1.0,1.0,1.0,68905538.99839208,97367145.133984,0.7076877821936058,29.231221780639416,8019.259607716052,8526.215733333336,0.9405414850535234,552571405637.7087,830173284751.1248,0.6656097176186084,33.43902823813916,True,beneficial,0.9555775506667936,0.04430400182203888,0.00011844751116728734,1.0,1.0,1.0,measured_mps_glue,mps,"Parametric architecture sensitivity from modeled R6 component scaling; not a hardware measurement, layout signoff, device-solver result, or new accuracy run.",One-at-a-time R6 sweep for dac_energy_scale.
20260513_tetc_pivot,R6_memory_bandwidth_conversion_link_sensitivity,r6_sweep_dac_energy_scale_1,one_at_a_time_sweep,dac_energy_scale,1.0,False,mobilevit_s_transformer_blocks_256,suds_pareto,lightening_dptc,1.0,1.0,1.0,1.0,1.0,1.0,1.0,1.0,1.0,11414656.791950667,12443405.192075629,0.9173258136140979,8.267418638590208,1196.0884282616387,1193.9537333333335,1.0017879209794383,13652938901.430313,14856850084.458082,0.9189659196812389,8.103408031876114,True,beneficial,0.9548701103336487,0.044757277359426716,0.0003726123069244868,1.0,1.0,1.0,measured_mps_imagenet,mps,"Parametric architecture sensitivity from modeled R6 component scaling; not a hardware measurement, layout signoff, device-solver result, or new accuracy run.",One-at-a-time R6 sweep for dac_energy_scale.
20260513_tetc_pivot,R6_memory_bandwidth_conversion_link_sensitivity,r6_sweep_dac_energy_scale_1p25,one_at_a_time_sweep,dac_energy_scale,1.25,False,bert_base_glue_seq128,suds_pareto,lightening_dptc,1.0,1.0,1.0,1.0,1.0,1.25,1.0,1.0,1.0,84487786.35840249,119620139.7109245,0.7063006828329804,29.36993171670196,8059.014506045479,8568.48382991513,0.9405414850535234,680888295846.037,1024963232845.2454,0.664305093126049,33.569490687395096,True,beneficial,0.9637704697108693,0.03613292828365986,9.66020054706795e-05,1.0,1.0413118960624632,1.0,measured_mps_glue,mps,"Parametric architecture sensitivity from modeled R6 component scaling; not a hardware measurement, layout signoff, device-solver result, or new accuracy run.",One-at-a-time R6 sweep for dac_energy_scale.
20260513_tetc_pivot,R6_memory_bandwidth_conversion_link_sensitivity,r6_sweep_dac_energy_scale_1p25,one_at_a_time_sweep,dac_energy_scale,1.25,False,mobilevit_s_transformer_blocks_256,suds_pareto,lightening_dptc,1.0,1.0,1.0,1.0,1.0,1.25,1.0,1.0,1.0,13749603.780394854,14778352.180519816,0.9303881523759453,6.96118476240547,1202.017949961222,1199.8726724375165,1.0017879209794383,16527270548.889292,17732140925.06311,0.932051612872599,6.794838712740104,True,beneficial,0.9625340329926796,0.03715663143169705,0.00030933557562324584,1.0,1.0413118960624632,1.0,measured_mps_imagenet,mps,"Parametric architecture sensitivity from modeled R6 component scaling; not a hardware measurement, layout signoff, device-solver result, or new accuracy run.",One-at-a-time R6 sweep for dac_energy_scale.
20260513_tetc_pivot,R6_memory_bandwidth_conversion_link_sensitivity,r6_sweep_dac_energy_scale_2,one_at_a_time_sweep,dac_energy_scale,2.0,False,bert_base_glue_seq128,suds_pareto,lightening_dptc,1.0,1.0,1.0,1.0,1.0,2.0,1.0,1.0,1.0,131234528.43843375,186379123.441746,0.7041267606318148,29.58732393681852,8158.770423483736,8674.54604941689,0.9405414850535234,1070712389163.3285,1616754288945.3804,0.6622604291105739,33.77395708894261,True,beneficial,0.9766757053089932,0.02326210305823207,6.219163277466954e-05,1.0,1.1449747468305833,1.0,measured_mps_glue,mps,"Parametric architecture sensitivity from modeled R6 component scaling; not a hardware measurement, layout signoff, device-solver result, or new accuracy run.",One-at-a-time R6 sweep for dac_energy_scale.
20260513_tetc_pivot,R6_memory_bandwidth_conversion_link_sensitivity,r6_sweep_dac_energy_scale_2,one_at_a_time_sweep,dac_energy_scale,2.0,False,mobilevit_s_transformer_blocks_256,suds_pareto,lightening_dptc,1.0,1.0,1.0,1.0,1.0,2.0,1.0,1.0,1.0,20754444.74572742,21783193.145852383,0.9527732966770833,4.722670332291667,1216.8967423105453,1214.7249101594252,1.001787920979438,25256016199.53991,26460587337.080944,0.9544767800428605,4.552321995713948,True,thin_margin_boundary,0.9751791865351612,0.02461588186333789,0.000204931601500714,1.0,1.1449747468305833,1.0,measured_mps_imagenet,mps,"Parametric architecture sensitivity from modeled R6 component scaling; not a hardware measurement, layout signoff, device-solver result, or new accuracy run.",One-at-a-time R6 sweep for dac_energy_scale.
20260513_tetc_pivot,R6_memory_bandwidth_conversion_link_sensitivity,r6_sweep_dac_energy_scale_4,one_at_a_time_sweep,dac_energy_scale,4.0,False,bert_base_glue_seq128,suds_pareto,lightening_dptc,1.0,1.0,1.0,1.0,1.0,4.0,1.0,1.0,1.0,255892507.3185171,364403080.05727,0.7022237772477136,29.777622275228644,8356.068511240126,8884.316794133336,0.9405414850535234,2138255322666.5442,3237472403986.7183,0.6604705942924591,33.95294057075409,True,beneficial,0.9880381303579034,0.01192997464960329,3.189499249323818e-05,1.0,1.35,1.0,measured_mps_glue,mps,"Parametric architecture sensitivity from modeled R6 component scaling; not a hardware measurement, layout signoff, device-solver result, or new accuracy run.",One-at-a-time R6 sweep for dac_energy_scale.
20260513_tetc_pivot,R6_memory_bandwidth_conversion_link_sensitivity,r6_sweep_dac_energy_scale_4,one_at_a_time_sweep,dac_energy_scale,4.0,False,mobilevit_s_transformer_blocks_256,suds_pareto,lightening_dptc,1.0,1.0,1.0,1.0,1.0,4.0,1.0,1.0,1.0,39434020.653280914,40462769.05340587,0.9745754325719246,2.5424567428075417,1246.3241422486276,1244.0997901333335,1.0017879209794383,49147571966.115,50339722487.555786,0.976317896433865,2.368210356613498,True,thin_margin_boundary,0.9869366046610025,0.012955538175828743,0.00010785716316873028,1.0,1.35,1.0,measured_mps_imagenet,mps,"Parametric architecture sensitivity from modeled R6 component scaling; not a hardware measurement, layout signoff, device-solver result, or new accuracy run.",One-at-a-time R6 sweep for dac_energy_scale.
20260513_tetc_pivot,R6_memory_bandwidth_conversion_link_sensitivity,r6_sweep_dac_energy_scale_8,one_at_a_time_sweep,dac_energy_scale,8.0,False,bert_base_glue_seq128,suds_pareto,lightening_dptc,1.0,1.0,1.0,1.0,1.0,8.0,1.0,1.0,1.0,505208465.0786838,720450993.2883179,0.7012391818252431,29.876081817475686,8635.090142775492,9180.97742630044,0.9405414850535235,4362520636847.679,6614444306135.776,0.6595445414516321,34.04554585483679,True,beneficial,0.9939412083792845,0.006042636527988255,1.6155092727373154e-05,1.0,1.6399494936611667,1.0,measured_mps_glue,mps,"Parametric architecture sensitivity from modeled R6 component scaling; not a hardware measurement, layout signoff, device-solver result, or new accuracy run.",One-at-a-time R6 sweep for dac_energy_scale.
20260513_tetc_pivot,R6_memory_bandwidth_conversion_link_sensitivity,r6_sweep_dac_energy_scale_8,one_at_a_time_sweep,dac_energy_scale,8.0,False,mobilevit_s_transformer_blocks_256,suds_pareto,lightening_dptc,1.0,1.0,1.0,1.0,1.0,8.0,1.0,1.0,1.0,76793172.46838792,77821920.86851287,0.9867807375011584,1.3219262498841644,1287.9407703464406,1285.6421437855167,1.001787920979438,98905057706.28261,100051141178.90173,0.988545023483842,1.145497651615801,True,thin_margin_boundary,0.9932918228920409,0.006652791434164392,5.5385673794774606e-05,1.0,1.6399494936611667,1.0,measured_mps_imagenet,mps,"Parametric architecture sensitivity from modeled R6 component scaling; not a hardware measurement, layout signoff, device-solver result, or new accuracy run.",One-at-a-time R6 sweep for dac_energy_scale.
20260513_tetc_pivot,R6_memory_bandwidth_conversion_link_sensitivity,r6_sweep_dac_energy_scale_16,one_at_a_time_sweep,dac_energy_scale,16.0,False,bert_base_glue_seq128,suds_pareto,lightening_dptc,1.0,1.0,1.0,1.0,1.0,16.0,1.0,1.0,1.0,1003840380.599017,1432546819.7504137,0.7007382703023359,29.926172969766405,9029.686318288275,9600.518915733337,0.9405414850535234,9064363750440.238,13753192840687.482,0.6590734133839962,34.09265866160038,True,beneficial,0.9969507574370472,0.0030411120974349086,8.130465517963834e-06,1.0,2.05,1.0,measured_mps_glue,mps,"Parametric architecture sensitivity from modeled R6 component scaling; not a hardware measurement, layout signoff, device-solver result, or new accuracy run.",One-at-a-time R6 sweep for dac_energy_scale.
20260513_tetc_pivot,R6_memory_bandwidth_conversion_link_sensitivity,r6_sweep_dac_energy_scale_16,one_at_a_time_sweep,dac_energy_scale,16.0,False,mobilevit_s_transformer_blocks_256,suds_pareto,lightening_dptc,1.0,1.0,1.0,1.0,1.0,16.0,1.0,1.0,1.0,151511476.09860194,152540224.4987269,0.9932558877272823,0.6744112272717651,1346.7955702226052,1344.3919037333337,1.001787920979438,204054984847.4852,205073842809.75357,0.9950317507669003,0.49682492330996864,True,thin_margin_boundary,0.9965999789925829,0.0033719489318915965,2.8072075525368377e-05,1.0,2.05,1.0,measured_mps_imagenet,mps,"Parametric architecture sensitivity from modeled R6 component scaling; not a hardware measurement, layout signoff, device-solver result, or new accuracy run.",One-at-a-time R6 sweep for dac_energy_scale.
20260513_tetc_pivot,R6_memory_bandwidth_conversion_link_sensitivity,r6_sweep_dac_energy_scale_32,one_at_a_time_sweep,dac_energy_scale,32.0,False,bert_base_glue_seq128,suds_pareto,lightening_dptc,1.0,1.0,1.0,1.0,1.0,32.0,1.0,1.0,1.0,2001104211.639684,2856738472.6746054,0.7004856170002014,29.95143829997986,9587.729581359008,10193.840180067547,0.9405414850535234,19186046045319.895,29121135426695.19,0.658835782472003,34.116421752799695,True,beneficial,0.9984703681112014,0.001525553295813569,4.0785929850761725e-06,1.0,2.629898987322333,1.0,measured_mps_glue,mps,"Parametric architecture sensitivity from modeled R6 component scaling; not a hardware measurement, layout signoff, device-solver result, or new accuracy run.",One-at-a-time R6 sweep for dac_energy_scale.
20260513_tetc_pivot,R6_memory_bandwidth_conversion_link_sensitivity,r6_sweep_dac_energy_scale_32,one_at_a_time_sweep,dac_energy_scale,32.0,False,mobilevit_s_transformer_blocks_256,suds_pareto,lightening_dptc,1.0,1.0,1.0,1.0,1.0,32.0,1.0,1.0,1.0,300948083.35902977,301976831.7591548,0.9965932869944621,0.34067130055378536,1430.0288264182316,1427.4766110377,1.0017879209794383,430364434458.7295,431064864411.45996,0.9983751170402468,0.162488295975316,True,thin_margin_boundary,0.9982882688739858,0.0016975983176158382,1.4132808398470178e-05,1.0,2.629898987322333,1.0,measured_mps_imagenet,mps,"Parametric architecture sensitivity from modeled R6 component scaling; not a hardware measurement, layout signoff, device-solver result, or new accuracy run.",One-at-a-time R6 sweep for dac_energy_scale.
20260513_tetc_pivot,R6_memory_bandwidth_conversion_link_sensitivity,r6_sweep_dac_energy_scale_64,one_at_a_time_sweep,dac_energy_scale,64.0,False,bert_base_glue_seq128,suds_pareto,lightening_dptc,1.0,1.0,1.0,1.0,1.0,64.0,1.0,1.0,1.0,3995631873.721018,5705121778.522989,0.700358735331931,29.964126466806896,10376.921932384572,11032.923158933338,0.9405414850535234,41462360024150.49,62944170194801.24,0.6587164449993019,34.12835550006981,True,beneficial,0.9992339252184204,0.0007640321285379968,2.042653041607472e-06,1.0,3.4499999999999997,1.0,measured_mps_glue,mps,"Parametric architecture sensitivity from modeled R6 component scaling; not a hardware measurement, layout signoff, device-solver result, or new accuracy run.",One-at-a-time R6 sweep for dac_energy_scale.
20260513_tetc_pivot,R6_memory_bandwidth_conversion_link_sensitivity,r6_sweep_dac_energy_scale_64,one_at_a_time_sweep,dac_energy_scale,64.0,False,mobilevit_s_transformer_blocks_256,suds_pareto,lightening_dptc,1.0,1.0,1.0,1.0,1.0,64.0,1.0,1.0,1.0,599821297.8798859,600850046.2800108,0.9982878450180804,0.1712154981919567,1547.7384261705606,1544.9761309333337,1.0017879209794383,928366471564.1976,928298979772.8057,1.0000727047997062,-0.007270479970622468,False,not_beneficial,0.9991411738739173,0.0008517352781666405,7.0908479159266365e-06,1.0,3.4499999999999997,1.0,measured_mps_imagenet,mps,"Parametric architecture sensitivity from modeled R6 component scaling; not a hardware measurement, layout signoff, device-solver result, or new accuracy run.",One-at-a-time R6 sweep for dac_energy_scale.
20260513_tetc_pivot,R6_memory_bandwidth_conversion_link_sensitivity,r6_sweep_dac_energy_scale_128,one_at_a_time_sweep,dac_energy_scale,128.0,False,bert_base_glue_seq128,suds_pareto,lightening_dptc,1.0,1.0,1.0,1.0,1.0,128.0,1.0,1.0,1.0,7984687197.883685,11401888390.219755,0.7002951550317528,29.970484496824724,11493.008458526037,12219.565687601758,0.9405414850535234,91768077503961.75,139326124146994.17,0.6586566450893521,34.134335491064796,True,beneficial,0.9996166471222886,0.0003823307099797805,1.0221677315253162e-06,1.0,4.609797974644667,1.0,measured_mps_glue,mps,"Parametric architecture sensitivity from modeled R6 component scaling; not a hardware measurement, layout signoff, device-solver result, or new accuracy run.",One-at-a-time R6 sweep for dac_energy_scale.
20260513_tetc_pivot,R6_memory_bandwidth_conversion_link_sensitivity,r6_sweep_dac_energy_scale_128,one_at_a_time_sweep,dac_energy_scale,128.0,False,mobilevit_s_transformer_blocks_256,suds_pareto,lightening_dptc,1.0,1.0,1.0,1.0,1.0,128.0,1.0,1.0,1.0,1197567726.9215977,1198596475.3217227,0.9991417058023228,0.08582941976772451,1714.2049385618132,1711.1455455420664,1.001787920979438,2052876511751.2476,2050973019649.1873,1.0009280922195583,-0.0928092219558252,False,not_beneficial,0.9995698429491547,0.0004266054841952557,3.5515666499573684e-06,1.0,4.609797974644667,1.0,measured_mps_imagenet,mps,"Parametric architecture sensitivity from modeled R6 component scaling; not a hardware measurement, layout signoff, device-solver result, or new accuracy run.",One-at-a-time R6 sweep for dac_energy_scale.
20260513_tetc_pivot,R6_memory_bandwidth_conversion_link_sensitivity,r6_sweep_laser_multiplier_0p5,one_at_a_time_sweep,laser_multiplier,0.5,False,bert_base_glue_seq128,suds_pareto,lightening_dptc,1.0,1.0,1.0,1.0,1.0,1.0,0.5,1.0,1.0,68882855.53170814,97334750.89395933,0.707690263745084,29.230973625491597,8019.259607716052,8526.215733333336,0.9405414850535234,552389501029.5673,829897084472.157,0.665612051620721,33.4387948379279,True,beneficial,0.9555629221334425,0.04431859135003591,0.0001184865165214153,1.0,1.0,1.0,measured_mps_glue,mps,"Parametric architecture sensitivity from modeled R6 component scaling; not a hardware measurement, layout signoff, device-solver result, or new accuracy run.",One-at-a-time R6 sweep for laser_multiplier.
20260513_tetc_pivot,R6_memory_bandwidth_conversion_link_sensitivity,r6_sweep_laser_multiplier_0p5,one_at_a_time_sweep,laser_multiplier,0.5,False,mobilevit_s_transformer_blocks_256,suds_pareto,lightening_dptc,1.0,1.0,1.0,1.0,1.0,1.0,0.5,1.0,1.0,11410122.631947214,12438871.032072175,0.917295677600286,8.270432239971404,1196.0884282616387,1193.9537333333335,1.0017879209794383,13647515645.118296,14851436507.19443,0.9189357297866154,8.106427021338458,True,beneficial,0.9548521765964502,0.04477506302776812,0.00037276037578170667,1.0,1.0,1.0,measured_mps_imagenet,mps,"Parametric architecture sensitivity from modeled R6 component scaling; not a hardware measurement, layout signoff, device-solver result, or new accuracy run.",One-at-a-time R6 sweep for laser_multiplier.
20260513_tetc_pivot,R6_memory_bandwidth_conversion_link_sensitivity,r6_sweep_laser_multiplier_0p85,one_at_a_time_sweep,laser_multiplier,0.85,False,bert_base_glue_seq128,suds_pareto,lightening_dptc,1.0,1.0,1.0,1.0,1.0,1.0,0.85,1.0,1.0,68898733.95838688,97357426.8619766,0.7076885264856524,29.23114735143476,8019.259607716052,8526.215733333336,0.9405414850535234,552516834255.2662,830090424667.4344,0.6656104176561551,33.438958234384486,True,beneficial,0.9555731631181774,0.044308377671745655,0.00011845921007676941,1.0,1.0,1.0,measured_mps_glue,mps,"Parametric architecture sensitivity from modeled R6 component scaling; not a hardware measurement, layout signoff, device-solver result, or new accuracy run.",One-at-a-time R6 sweep for laser_multiplier.
20260513_tetc_pivot,R6_memory_bandwidth_conversion_link_sensitivity,r6_sweep_laser_multiplier_0p85,one_at_a_time_sweep,laser_multiplier,0.85,False,mobilevit_s_transformer_blocks_256,suds_pareto,lightening_dptc,1.0,1.0,1.0,1.0,1.0,1.0,0.85,1.0,1.0,11413296.543949632,12442044.944074593,0.9173167751162246,8.268322488377544,1196.0884282616387,1193.9537333333335,1.0017879209794383,13651311924.536709,14855226011.278988,0.9189568650232454,8.104313497675463,True,beneficial,0.9548647317086414,0.04476261157612962,0.0003726567152287574,1.0,1.0,1.0,measured_mps_imagenet,mps,"Parametric architecture sensitivity from modeled R6 component scaling; not a hardware measurement, layout signoff, device-solver result, or new accuracy run.",One-at-a-time R6 sweep for laser_multiplier.
20260513_tetc_pivot,R6_memory_bandwidth_conversion_link_sensitivity,r6_sweep_laser_multiplier_1,one_at_a_time_sweep,laser_multiplier,1.0,False,bert_base_glue_seq128,suds_pareto,lightening_dptc,1.0,1.0,1.0,1.0,1.0,1.0,1.0,1.0,1.0,68905538.99839208,97367145.133984,0.7076877821936058,29.231221780639416,8019.259607716052,8526.215733333336,0.9405414850535234,552571405637.7087,830173284751.1248,0.6656097176186084,33.43902823813916,True,beneficial,0.9555775506667936,0.04430400182203888,0.00011844751116728734,1.0,1.0,1.0,measured_mps_glue,mps,"Parametric architecture sensitivity from modeled R6 component scaling; not a hardware measurement, layout signoff, device-solver result, or new accuracy run.",One-at-a-time R6 sweep for laser_multiplier.
20260513_tetc_pivot,R6_memory_bandwidth_conversion_link_sensitivity,r6_sweep_laser_multiplier_1,one_at_a_time_sweep,laser_multiplier,1.0,False,mobilevit_s_transformer_blocks_256,suds_pareto,lightening_dptc,1.0,1.0,1.0,1.0,1.0,1.0,1.0,1.0,1.0,11414656.791950667,12443405.192075629,0.9173258136140979,8.267418638590208,1196.0884282616387,1193.9537333333335,1.0017879209794383,13652938901.430313,14856850084.458082,0.9189659196812389,8.103408031876114,True,beneficial,0.9548701103336487,0.044757277359426716,0.0003726123069244868,1.0,1.0,1.0,measured_mps_imagenet,mps,"Parametric architecture sensitivity from modeled R6 component scaling; not a hardware measurement, layout signoff, device-solver result, or new accuracy run.",One-at-a-time R6 sweep for laser_multiplier.
20260513_tetc_pivot,R6_memory_bandwidth_conversion_link_sensitivity,r6_sweep_laser_multiplier_1p15,one_at_a_time_sweep,laser_multiplier,1.15,False,bert_base_glue_seq128,suds_pareto,lightening_dptc,1.0,1.0,1.0,1.0,1.0,1.0,1.15,1.0,1.0,68912344.03839725,97376863.40599139,0.7076870380501209,29.23129619498791,8019.259607716052,8526.215733333336,0.9405414850535234,552625977020.1512,830256144834.815,0.6656090177207902,33.43909822792098,True,beneficial,0.955581937348876,0.044299626836555576,0.0001184358145683216,1.0,1.0,1.0,measured_mps_glue,mps,"Parametric architecture sensitivity from modeled R6 component scaling; not a hardware measurement, layout signoff, device-solver result, or new accuracy run.",One-at-a-time R6 sweep for laser_multiplier.
20260513_tetc_pivot,R6_memory_bandwidth_conversion_link_sensitivity,r6_sweep_laser_multiplier_1p15,one_at_a_time_sweep,laser_multiplier,1.15,False,mobilevit_s_transformer_blocks_256,suds_pareto,lightening_dptc,1.0,1.0,1.0,1.0,1.0,1.0,1.15,1.0,1.0,11416017.039951703,12444765.440076664,0.9173348501361047,8.266514986389527,1196.0884282616387,1193.9537333333335,1.0017879209794383,13654565878.323917,14858474157.637178,0.9189749723598329,8.102502764016705,True,beneficial,0.9548754876769016,0.04475194441389528,0.00037256790920294505,1.0,1.0,1.0,measured_mps_imagenet,mps,"Parametric architecture sensitivity from modeled R6 component scaling; not a hardware measurement, layout signoff, device-solver result, or new accuracy run.",One-at-a-time R6 sweep for laser_multiplier.
20260513_tetc_pivot,R6_memory_bandwidth_conversion_link_sensitivity,r6_sweep_laser_multiplier_1p5,one_at_a_time_sweep,laser_multiplier,1.5,False,bert_base_glue_seq128,suds_pareto,lightening_dptc,1.0,1.0,1.0,1.0,1.0,1.0,1.5,1.0,1.0,68928222.465076,97399539.37400866,0.7076853022928125,29.231469770718753,8019.259607716052,8526.215733333336,0.9405414850535234,552753310245.8501,830449485030.0924,0.6656073851690333,33.43926148309667,True,beneficial,0.9555921695719886,0.044289421896525724,0.00011840853148556527,1.0,1.0,1.0,measured_mps_glue,mps,"Parametric architecture sensitivity from modeled R6 component scaling; not a hardware measurement, layout signoff, device-solver result, or new accuracy run.",One-at-a-time R6 sweep for laser_multiplier.
20260513_tetc_pivot,R6_memory_bandwidth_conversion_link_sensitivity,r6_sweep_laser_multiplier_1p5,one_at_a_time_sweep,laser_multiplier,1.5,False,mobilevit_s_transformer_blocks_256,suds_pareto,lightening_dptc,1.0,1.0,1.0,1.0,1.0,1.0,1.5,1.0,1.0,11419190.951954117,12447939.352079079,0.9173559276738332,8.264407232616676,1196.0884282616387,1193.9537333333335,1.0017879209794383,13658362157.742325,14862263661.721733,0.918996087582533,8.100391241746696,True,beneficial,0.954888029829132,0.044739505815214846,0.00037246435565316125,1.0,1.0,1.0,measured_mps_imagenet,mps,"Parametric architecture sensitivity from modeled R6 component scaling; not a hardware measurement, layout signoff, device-solver result, or new accuracy run.",One-at-a-time R6 sweep for laser_multiplier.
20260513_tetc_pivot,R6_memory_bandwidth_conversion_link_sensitivity,r6_sweep_laser_multiplier_2,one_at_a_time_sweep,laser_multiplier,2.0,False,bert_base_glue_seq128,suds_pareto,lightening_dptc,1.0,1.0,1.0,1.0,1.0,1.0,2.0,1.0,1.0,68950905.93175994,97431933.61403331,0.7076828240410575,29.231717595894246,8019.259607716052,8526.215733333336,0.9405414850535234,552935214853.9916,830725685309.0599,0.6656050542704476,33.43949457295524,True,beneficial,0.9556067788585295,0.04427485156401936,0.0001183695774509119,1.0,1.0,1.0,measured_mps_glue,mps,"Parametric architecture sensitivity from modeled R6 component scaling; not a hardware measurement, layout signoff, device-solver result, or new accuracy run.",One-at-a-time R6 sweep for laser_multiplier.
20260513_tetc_pivot,R6_memory_bandwidth_conversion_link_sensitivity,r6_sweep_laser_multiplier_2,one_at_a_time_sweep,laser_multiplier,2.0,False,mobilevit_s_transformer_blocks_256,suds_pareto,lightening_dptc,1.0,1.0,1.0,1.0,1.0,1.0,2.0,1.0,1.0,11423725.11195757,12452473.512082532,0.9173860198034731,8.261398019652688,1196.0884282616387,1193.9537333333335,1.0017879209794383,13663785414.054342,14867677238.985386,0.9190262335145231,8.097376648547694,True,beneficial,0.9549059350998576,0.04472174837831457,0.00037231652182771784,1.0,1.0,1.0,measured_mps_imagenet,mps,"Parametric architecture sensitivity from modeled R6 component scaling; not a hardware measurement, layout signoff, device-solver result, or new accuracy run.",One-at-a-time R6 sweep for laser_multiplier.
20260513_tetc_pivot,R6_memory_bandwidth_conversion_link_sensitivity,r6_sweep_laser_multiplier_4,one_at_a_time_sweep,laser_multiplier,4.0,False,bert_base_glue_seq128,suds_pareto,lightening_dptc,1.0,1.0,1.0,1.0,1.0,1.0,4.0,1.0,1.0,69041639.79849568,97561510.57413195,0.7076729274915696,29.23270725084304,8019.259607716052,8526.215733333336,0.9405414850535234,553662833286.5575,831830486424.9305,0.6655957461550953,33.44042538449047,True,beneficial,0.9556651200077662,0.04421666597495631,0.00011821401727740873,1.0,1.0,1.0,measured_mps_glue,mps,"Parametric architecture sensitivity from modeled R6 component scaling; not a hardware measurement, layout signoff, device-solver result, or new accuracy run.",One-at-a-time R6 sweep for laser_multiplier.
20260513_tetc_pivot,R6_memory_bandwidth_conversion_link_sensitivity,r6_sweep_laser_multiplier_4,one_at_a_time_sweep,laser_multiplier,4.0,False,mobilevit_s_transformer_blocks_256,suds_pareto,lightening_dptc,1.0,1.0,1.0,1.0,1.0,1.0,4.0,1.0,1.0,11441861.751971377,12470610.152096339,0.917506169499491,8.249383050050895,1196.0884282616387,1193.9537333333335,1.0017879209794383,13685478439.302404,14889331548.039993,0.9191465980287031,8.085340197129687,True,beneficial,0.9549774142734031,0.044650859368404475,0.00037172635819229214,1.0,1.0,1.0,measured_mps_imagenet,mps,"Parametric architecture sensitivity from modeled R6 component scaling; not a hardware measurement, layout signoff, device-solver result, or new accuracy run.",One-at-a-time R6 sweep for laser_multiplier.
20260513_tetc_pivot,R6_memory_bandwidth_conversion_link_sensitivity,r6_sweep_optical_link_loss_scale_0p5,one_at_a_time_sweep,optical_link_loss_scale,0.5,False,bert_base_glue_seq128,suds_pareto,lightening_dptc,1.0,1.0,1.0,1.0,1.0,1.0,1.0,0.5,1.0,68019657.66438434,96102018.7330209,0.7077859399951669,29.221406000483306,7878.332402175773,8376.379487107302,0.9405414850535234,535881472962.2227,804986978384.8779,0.6657020391030583,33.42979608969417,True,beneficial,0.9549989970541107,0.04488101278598173,0.00011999015990745758,1.0,1.0,1.0,measured_mps_glue,mps,"Parametric architecture sensitivity from modeled R6 component scaling; not a hardware measurement, layout signoff, device-solver result, or new accuracy run.",One-at-a-time R6 sweep for optical_link_loss_scale.
20260513_tetc_pivot,R6_memory_bandwidth_conversion_link_sensitivity,r6_sweep_optical_link_loss_scale_0p5,one_at_a_time_sweep,optical_link_loss_scale,0.5,False,mobilevit_s_transformer_blocks_256,suds_pareto,lightening_dptc,1.0,1.0,1.0,1.0,1.0,1.0,1.0,0.5,1.0,10767717.938124841,11796466.338249803,0.9127918165807615,8.720818341923852,1175.0688568772941,1172.9716762091132,1.001787920979438,12652810008.729492,13836920894.12125,0.9144238162194858,8.557618378051423,True,beneficial,0.9521586463761222,0.04744635427262774,0.00039499935124978635,1.0,1.0,1.0,measured_mps_imagenet,mps,"Parametric architecture sensitivity from modeled R6 component scaling; not a hardware measurement, layout signoff, device-solver result, or new accuracy run.",One-at-a-time R6 sweep for optical_link_loss_scale.
20260513_tetc_pivot,R6_memory_bandwidth_conversion_link_sensitivity,r6_sweep_optical_link_loss_scale_0p75,one_at_a_time_sweep,optical_link_loss_scale,0.75,False,bert_base_glue_seq128,suds_pareto,lightening_dptc,1.0,1.0,1.0,1.0,1.0,1.0,1.0,0.75,1.0,68462598.3313882,96734581.93350245,0.7077365401594535,29.226345984054646,7954.796983642562,8457.67795472613,0.9405414850535235,544606070698.8592,818149941078.6323,0.665655576508215,33.4344423491785,True,beneficial,0.955290145429231,0.04459064072556115,0.00011921384520777223,1.0,1.0,1.0,measured_mps_glue,mps,"Parametric architecture sensitivity from modeled R6 component scaling; not a hardware measurement, layout signoff, device-solver result, or new accuracy run.",One-at-a-time R6 sweep for optical_link_loss_scale.
20260513_tetc_pivot,R6_memory_bandwidth_conversion_link_sensitivity,r6_sweep_optical_link_loss_scale_0p75,one_at_a_time_sweep,optical_link_loss_scale,0.75,False,mobilevit_s_transformer_blocks_256,suds_pareto,lightening_dptc,1.0,1.0,1.0,1.0,1.0,1.0,1.0,0.75,1.0,11091187.365037752,12119935.765162714,0.9151193191071215,8.488068089287848,1186.4737004087713,1184.3561651739299,1.0017879209794383,13159402114.923351,14354320644.982471,0.9167554801364423,8.324451986355774,True,beneficial,0.9535539176604427,0.046062602964444734,0.00038347937511246994,1.0,1.0,1.0,measured_mps_imagenet,mps,"Parametric architecture sensitivity from modeled R6 component scaling; not a hardware measurement, layout signoff, device-solver result, or new accuracy run.",One-at-a-time R6 sweep for optical_link_loss_scale.
20260513_tetc_pivot,R6_memory_bandwidth_conversion_link_sensitivity,r6_sweep_optical_link_loss_scale_1,one_at_a_time_sweep,optical_link_loss_scale,1.0,False,bert_base_glue_seq128,suds_pareto,lightening_dptc,1.0,1.0,1.0,1.0,1.0,1.0,1.0,1.0,1.0,68905538.99839208,97367145.133984,0.7076877821936058,29.231221780639416,8019.259607716052,8526.215733333336,0.9405414850535234,552571405637.7087,830173284751.1248,0.6656097176186084,33.43902823813916,True,beneficial,0.9555775506667936,0.04430400182203888,0.00011844751116728734,1.0,1.0,1.0,measured_mps_glue,mps,"Parametric architecture sensitivity from modeled R6 component scaling; not a hardware measurement, layout signoff, device-solver result, or new accuracy run.",One-at-a-time R6 sweep for optical_link_loss_scale.
20260513_tetc_pivot,R6_memory_bandwidth_conversion_link_sensitivity,r6_sweep_optical_link_loss_scale_1,one_at_a_time_sweep,optical_link_loss_scale,1.0,False,mobilevit_s_transformer_blocks_256,suds_pareto,lightening_dptc,1.0,1.0,1.0,1.0,1.0,1.0,1.0,1.0,1.0,11414656.791950667,12443405.192075629,0.9173258136140979,8.267418638590208,1196.0884282616387,1193.9537333333335,1.0017879209794383,13652938901.430313,14856850084.458082,0.9189659196812389,8.103408031876114,True,beneficial,0.9548701103336487,0.044757277359426716,0.0003726123069244868,1.0,1.0,1.0,measured_mps_imagenet,mps,"Parametric architecture sensitivity from modeled R6 component scaling; not a hardware measurement, layout signoff, device-solver result, or new accuracy run.",One-at-a-time R6 sweep for optical_link_loss_scale.
20260513_tetc_pivot,R6_memory_bandwidth_conversion_link_sensitivity,r6_sweep_optical_link_loss_scale_1p25,one_at_a_time_sweep,optical_link_loss_scale,1.25,False,bert_base_glue_seq128,suds_pareto,lightening_dptc,1.0,1.0,1.0,1.0,1.0,1.0,1.0,1.25,1.0,69348479.66539593,97999708.33446556,0.7076396536683032,29.236034633169684,8076.052319615232,8586.598728450183,0.9405414850535235,560061950063.5105,841484170973.2108,0.6655644507439469,33.44355492560531,True,beneficial,0.9558612844909892,0.04402102454246939,0.00011769096654144223,1.0,1.0,1.0,measured_mps_glue,mps,"Parametric architecture sensitivity from modeled R6 component scaling; not a hardware measurement, layout signoff, device-solver result, or new accuracy run.",One-at-a-time R6 sweep for optical_link_loss_scale.
20260513_tetc_pivot,R6_memory_bandwidth_conversion_link_sensitivity,r6_sweep_optical_link_loss_scale_1p25,one_at_a_time_sweep,optical_link_loss_scale,1.25,False,mobilevit_s_transformer_blocks_256,suds_pareto,lightening_dptc,1.0,1.0,1.0,1.0,1.0,1.0,1.0,1.25,1.0,11738126.218863579,12766874.618988542,0.9194204979036235,8.057950209637655,1204.5591735467576,1202.4093606250233,1.0017879209794383,14139267617.181839,15351009547.79785,0.921064349100751,7.893565089924904,True,beneficial,0.9561137619416505,0.043523893888530826,0.00036234416981859437,1.0,1.0,1.0,measured_mps_imagenet,mps,"Parametric architecture sensitivity from modeled R6 component scaling; not a hardware measurement, layout signoff, device-solver result, or new accuracy run.",One-at-a-time R6 sweep for optical_link_loss_scale.
20260513_tetc_pivot,R6_memory_bandwidth_conversion_link_sensitivity,r6_sweep_optical_link_loss_scale_1p5,one_at_a_time_sweep,optical_link_loss_scale,1.5,False,bert_base_glue_seq128,suds_pareto,lightening_dptc,1.0,1.0,1.0,1.0,1.0,1.0,1.0,1.5,1.0,69791420.33239979,98632271.53494711,0.7075921424730798,29.240785752692023,8127.396855867566,8641.189128840031,0.9405414850535235,567222570176.0778,852300112540.583,0.6655197644938349,33.44802355061651,True,beneficial,0.9561414168051782,0.04374163916988108,0.00011694402494071377,1.0,1.0,1.0,measured_mps_glue,mps,"Parametric architecture sensitivity from modeled R6 component scaling; not a hardware measurement, layout signoff, device-solver result, or new accuracy run.",One-at-a-time R6 sweep for optical_link_loss_scale.
20260513_tetc_pivot,R6_memory_bandwidth_conversion_link_sensitivity,r6_sweep_optical_link_loss_scale_1p5,one_at_a_time_sweep,optical_link_loss_scale,1.5,False,mobilevit_s_transformer_blocks_256,suds_pareto,lightening_dptc,1.0,1.0,1.0,1.0,1.0,1.0,1.0,1.5,1.0,12061595.645776495,13090344.045901457,0.9214116606471425,7.858833935285747,1212.2173126605965,1210.0538320280639,1.0017879209794383,14621275060.121935,15840020975.308807,0.9230590718859125,7.694092811408748,True,beneficial,0.9572907087313621,0.042356664491475765,0.0003526267771618857,1.0,1.0,1.0,measured_mps_imagenet,mps,"Parametric architecture sensitivity from modeled R6 component scaling; not a hardware measurement, layout signoff, device-solver result, or new accuracy run.",One-at-a-time R6 sweep for optical_link_loss_scale.
20260513_tetc_pivot,R6_memory_bandwidth_conversion_link_sensitivity,r6_sweep_optical_link_loss_scale_2,one_at_a_time_sweep,optical_link_loss_scale,2.0,False,bert_base_glue_seq128,suds_pareto,lightening_dptc,1.0,1.0,1.0,1.0,1.0,1.0,1.0,2.0,1.0,70677301.66640751,99897397.9359102,0.7074989251647072,29.250107483529277,8218.560773098458,8738.116184881268,0.9405414850535235,580865699023.983,872915069731.3015,0.6654320897481855,33.45679102518145,True,beneficial,0.9566911477551755,0.043193374016205634,0.00011547822861889477,1.0,1.0,1.0,measured_mps_glue,mps,"Parametric architecture sensitivity from modeled R6 component scaling; not a hardware measurement, layout signoff, device-solver result, or new accuracy run.",One-at-a-time R6 sweep for optical_link_loss_scale.
20260513_tetc_pivot,R6_memory_bandwidth_conversion_link_sensitivity,r6_sweep_optical_link_loss_scale_2,one_at_a_time_sweep,optical_link_loss_scale,2.0,False,mobilevit_s_transformer_blocks_256,suds_pareto,lightening_dptc,1.0,1.0,1.0,1.0,1.0,1.0,1.0,2.0,1.0,12708534.499602322,13737282.899727283,0.9251126727436483,7.488732725635172,1225.8145911886481,1223.626843084893,1.0017879209794383,15578307022.23685,16809308107.15738,0.9267667010995908,7.323329890040919,True,beneficial,0.959464861852,0.04020046213951631,0.00033467600848336153,1.0,1.0,1.0,measured_mps_imagenet,mps,"Parametric architecture sensitivity from modeled R6 component scaling; not a hardware measurement, layout signoff, device-solver result, or new accuracy run.",One-at-a-time R6 sweep for optical_link_loss_scale.
20260513_tetc_pivot,R6_memory_bandwidth_conversion_link_sensitivity,r6_sweep_optical_link_loss_scale_4,one_at_a_time_sweep,optical_link_loss_scale,4.0,False,bert_base_glue_seq128,suds_pareto,lightening_dptc,1.0,1.0,1.0,1.0,1.0,1.0,1.0,4.0,1.0,74220827.00243843,104957903.5397626,0.7071485281174691,29.28514718825309,8500.415184179015,9037.788677333338,0.9405414850535233,630907844833.8514,948587352208.311,0.6651025267890176,33.48974732109824,True,beneficial,0.9587588425169019,0.041131192532158634,0.00010996495093933482,1.0,1.0,1.0,measured_mps_glue,mps,"Parametric architecture sensitivity from modeled R6 component scaling; not a hardware measurement, layout signoff, device-solver result, or new accuracy run.",One-at-a-time R6 sweep for optical_link_loss_scale.
20260513_tetc_pivot,R6_memory_bandwidth_conversion_link_sensitivity,r6_sweep_optical_link_loss_scale_4,one_at_a_time_sweep,optical_link_loss_scale,4.0,False,mobilevit_s_transformer_blocks_256,suds_pareto,lightening_dptc,1.0,1.0,1.0,1.0,1.0,1.0,1.0,4.0,1.0,15296289.914905628,16325038.315030593,0.9369834005732294,6.3016599426770625,1267.853733957337,1265.5909573333336,1.001787920979438,19393458284.307056,20660820869.62292,0.9386586528524994,6.134134714750061,True,beneficial,0.9663224086058925,0.033399534321205494,0.0002780570729020626,1.0,1.0,1.0,measured_mps_imagenet,mps,"Parametric architecture sensitivity from modeled R6 component scaling; not a hardware measurement, layout signoff, device-solver result, or new accuracy run.",One-at-a-time R6 sweep for optical_link_loss_scale.
20260513_tetc_pivot,R6_memory_bandwidth_conversion_link_sensitivity,r6_sweep_sideband_control_overhead_scale_0p5,one_at_a_time_sweep,sideband_control_overhead_scale,0.5,False,bert_base_glue_seq128,suds_pareto,lightening_dptc,1.0,1.0,1.0,1.0,1.0,1.0,1.0,1.0,0.5,68901458.15359206,97366124.922784,0.7076532850437893,29.23467149562107,7858.874415561731,8355.691418666669,0.9405414850535235,541487906678.1619,813561294486.1332,0.66557727161809,33.442272838191,True,beneficial,0.9556341469099378,0.04430662582681759,5.9227263244605964e-05,1.0,1.0,0.5,measured_mps_glue,mps,"Parametric architecture sensitivity from modeled R6 component scaling; not a hardware measurement, layout signoff, device-solver result, or new accuracy run.",One-at-a-time R6 sweep for sideband_control_overhead_scale.
20260513_tetc_pivot,R6_memory_bandwidth_conversion_link_sensitivity,r6_sweep_sideband_control_overhead_scale_0p5,one_at_a_time_sweep,sideband_control_overhead_scale,0.5,False,mobilevit_s_transformer_blocks_256,suds_pareto,lightening_dptc,1.0,1.0,1.0,1.0,1.0,1.0,1.0,1.0,0.5,11412530.171150668,12442873.53687563,0.9171940980777918,8.280590192220815,1172.166659696406,1170.074658666667,1.0017879209794383,13377387369.40213,14559091006.492254,0.9188339686479621,8.116603135203793,True,beneficial,0.955048041660662,0.044765617469424805,0.00018634086991294965,1.0,1.0,0.5,measured_mps_imagenet,mps,"Parametric architecture sensitivity from modeled R6 component scaling; not a hardware measurement, layout signoff, device-solver result, or new accuracy run.",One-at-a-time R6 sweep for sideband_control_overhead_scale.
20260513_tetc_pivot,R6_memory_bandwidth_conversion_link_sensitivity,r6_sweep_sideband_control_overhead_scale_1,one_at_a_time_sweep,sideband_control_overhead_scale,1.0,False,bert_base_glue_seq128,suds_pareto,lightening_dptc,1.0,1.0,1.0,1.0,1.0,1.0,1.0,1.0,1.0,68905538.99839208,97367145.133984,0.7076877821936058,29.231221780639416,8019.259607716052,8526.215733333336,0.9405414850535234,552571405637.7087,830173284751.1248,0.6656097176186084,33.43902823813916,True,beneficial,0.9555775506667936,0.04430400182203888,0.00011844751116728734,1.0,1.0,1.0,measured_mps_glue,mps,"Parametric architecture sensitivity from modeled R6 component scaling; not a hardware measurement, layout signoff, device-solver result, or new accuracy run.",One-at-a-time R6 sweep for sideband_control_overhead_scale.
20260513_tetc_pivot,R6_memory_bandwidth_conversion_link_sensitivity,r6_sweep_sideband_control_overhead_scale_1,one_at_a_time_sweep,sideband_control_overhead_scale,1.0,False,mobilevit_s_transformer_blocks_256,suds_pareto,lightening_dptc,1.0,1.0,1.0,1.0,1.0,1.0,1.0,1.0,1.0,11414656.791950667,12443405.192075629,0.9173258136140979,8.267418638590208,1196.0884282616387,1193.9537333333335,1.0017879209794383,13652938901.430313,14856850084.458082,0.9189659196812389,8.103408031876114,True,beneficial,0.9548701103336487,0.044757277359426716,0.0003726123069244868,1.0,1.0,1.0,measured_mps_imagenet,mps,"Parametric architecture sensitivity from modeled R6 component scaling; not a hardware measurement, layout signoff, device-solver result, or new accuracy run.",One-at-a-time R6 sweep for sideband_control_overhead_scale.
20260513_tetc_pivot,R6_memory_bandwidth_conversion_link_sensitivity,r6_sweep_sideband_control_overhead_scale_3,one_at_a_time_sweep,sideband_control_overhead_scale,3.0,False,bert_base_glue_seq128,suds_pareto,lightening_dptc,1.0,1.0,1.0,1.0,1.0,1.0,1.0,1.0,3.0,68921862.37759207,97371225.978784,0.707825763563964,29.217423643603603,8660.800376333336,9208.312992000003,0.9405414850535234,596918491617.4438,896624725227.4049,0.6657394948215949,33.42605051784051,True,beneficial,0.9553512327151823,0.04429350891025631,0.0003552583745612858,1.0,1.0,3.0,measured_mps_glue,mps,"Parametric architecture sensitivity from modeled R6 component scaling; not a hardware measurement, layout signoff, device-solver result, or new accuracy run.",One-at-a-time R6 sweep for sideband_control_overhead_scale.
20260513_tetc_pivot,R6_memory_bandwidth_conversion_link_sensitivity,r6_sweep_sideband_control_overhead_scale_3,one_at_a_time_sweep,sideband_control_overhead_scale,3.0,False,mobilevit_s_transformer_blocks_256,suds_pareto,lightening_dptc,1.0,1.0,1.0,1.0,1.0,1.0,1.0,1.0,3.0,11423163.275150668,12445531.812875628,0.9178525632253609,8.21474367746391,1291.77550252257,1289.4700320000002,1.0017879209794383,14756162480.155119,16048140305.005756,0.9194936110791827,8.050638892081729,True,beneficial,0.9541590475259055,0.04472394797256905,0.0011170045015251435,1.0,1.0,3.0,measured_mps_imagenet,mps,"Parametric architecture sensitivity from modeled R6 component scaling; not a hardware measurement, layout signoff, device-solver result, or new accuracy run.",One-at-a-time R6 sweep for sideband_control_overhead_scale.
20260513_tetc_pivot,R6_memory_bandwidth_conversion_link_sensitivity,r6_sweep_sideband_control_overhead_scale_5,one_at_a_time_sweep,sideband_control_overhead_scale,5.0,False,bert_base_glue_seq128,suds_pareto,lightening_dptc,1.0,1.0,1.0,1.0,1.0,1.0,1.0,1.0,5.0,68938185.75679207,97375306.823584,0.707963733369161,29.203626663083902,9302.34114495062,9890.41025066667,0.9405414850535234,641286521823.6556,963081732769.7874,0.6658692611470673,33.413073885293265,True,beneficial,0.9551250219399842,0.044283020967556576,0.0005919570924591583,1.0,1.0,5.0,measured_mps_glue,mps,"Parametric architecture sensitivity from modeled R6 component scaling; not a hardware measurement, layout signoff, device-solver result, or new accuracy run.",One-at-a-time R6 sweep for sideband_control_overhead_scale.
20260513_tetc_pivot,R6_memory_bandwidth_conversion_link_sensitivity,r6_sweep_sideband_control_overhead_scale_5,one_at_a_time_sweep,sideband_control_overhead_scale,5.0,False,mobilevit_s_transformer_blocks_256,suds_pareto,lightening_dptc,1.0,1.0,1.0,1.0,1.0,1.0,1.0,1.0,5.0,11431669.758350668,12447658.433675628,0.9183791328514987,8.162086714850126,1387.4625767835007,1384.9863306666668,1.001787920979438,15861013979.859238,17239836779.4484,0.920021122170202,7.997887782979795,True,beneficial,0.9534490429439434,0.044690668187541284,0.0018602888685150603,1.0,1.0,5.0,measured_mps_imagenet,mps,"Parametric architecture sensitivity from modeled R6 component scaling; not a hardware measurement, layout signoff, device-solver result, or new accuracy run.",One-at-a-time R6 sweep for sideband_control_overhead_scale.
20260513_tetc_pivot,R6_memory_bandwidth_conversion_link_sensitivity,r6_sweep_sideband_control_overhead_scale_10,one_at_a_time_sweep,sideband_control_overhead_scale,10.0,False,bert_base_glue_seq128,suds_pareto,lightening_dptc,1.0,1.0,1.0,1.0,1.0,1.0,1.0,1.0,10.0,68978994.20479207,97385508.93558401,0.7083086072941147,29.16913927058853,10906.19306649383,11595.653397333335,0.9405414850535235,752298228330.0214,1129248607539.9407,0.6661936293805996,33.38063706194004,True,beneficial,0.9545599633994724,0.044256822827394196,0.0011832137731334152,1.0,1.0,10.0,measured_mps_glue,mps,"Parametric architecture sensitivity from modeled R6 component scaling; not a hardware measurement, layout signoff, device-solver result, or new accuracy run.",One-at-a-time R6 sweep for sideband_control_overhead_scale.
20260513_tetc_pivot,R6_memory_bandwidth_conversion_link_sensitivity,r6_sweep_sideband_control_overhead_scale_10,one_at_a_time_sweep,sideband_control_overhead_scale,10.0,False,mobilevit_s_transformer_blocks_256,suds_pareto,lightening_dptc,1.0,1.0,1.0,1.0,1.0,1.0,1.0,1.0,10.0,11452935.966350667,12452974.98567563,0.9196947700870447,8.03052299129553,1626.6802624358284,1623.7770773333334,1.001787920979438,18630264883.40404,20220855326.34548,0.9213391116611629,7.866088833883711,True,beneficial,0.951678645752846,0.04460768500767129,0.003713669239482565,1.0,1.0,10.0,measured_mps_imagenet,mps,"Parametric architecture sensitivity from modeled R6 component scaling; not a hardware measurement, layout signoff, device-solver result, or new accuracy run.",One-at-a-time R6 sweep for sideband_control_overhead_scale.
20260513_tetc_pivot,R6_memory_bandwidth_conversion_link_sensitivity,r6_sweep_sideband_control_overhead_scale_25,one_at_a_time_sweep,sideband_control_overhead_scale,25.0,False,bert_base_glue_seq128,suds_pareto,lightening_dptc,1.0,1.0,1.0,1.0,1.0,1.0,1.0,1.0,25.0,69101419.54879206,97416115.271584,0.7093427956570215,29.065720434297848,15717.748831123463,16711.382837333338,0.9405414850535235,1086118756341.9985,1627957996829.235,0.6671663264392731,33.28336735607269,True,beneficial,0.9528687921811259,0.044178414065398144,0.0029527937534760346,1.0,1.0,25.0,measured_mps_glue,mps,"Parametric architecture sensitivity from modeled R6 component scaling; not a hardware measurement, layout signoff, device-solver result, or new accuracy run.",One-at-a-time R6 sweep for sideband_control_overhead_scale.
20260513_tetc_pivot,R6_memory_bandwidth_conversion_link_sensitivity,r6_sweep_sideband_control_overhead_scale_25,one_at_a_time_sweep,sideband_control_overhead_scale,25.0,False,mobilevit_s_transformer_blocks_256,suds_pareto,lightening_dptc,1.0,1.0,1.0,1.0,1.0,1.0,1.0,1.0,25.0,11516734.590350667,12468924.641675629,0.9236349501911014,7.636504980889858,2344.333319392812,2340.149317333334,1.0017879209794383,26999064630.762794,29179145488.098007,0.9252863364958904,7.471366350410957,True,beneficial,0.9464066836690722,0.0443605742575721,0.009232742073355565,1.0,1.0,25.0,measured_mps_imagenet,mps,"Parametric architecture sensitivity from modeled R6 component scaling; not a hardware measurement, layout signoff, device-solver result, or new accuracy run.",One-at-a-time R6 sweep for sideband_control_overhead_scale.
20260513_tetc_pivot,R6_memory_bandwidth_conversion_link_sensitivity,r6_sweep_sideband_control_overhead_scale_100,one_at_a_time_sweep,sideband_control_overhead_scale,100.0,False,bert_base_glue_seq128,suds_pareto,lightening_dptc,1.0,1.0,1.0,1.0,1.0,1.0,1.0,1.0,100.0,69713546.26879206,97569146.951584,0.7145040050763741,28.54959949236259,39775.52765427162,42290.030037333345,0.9405414850535234,2772893087491.6826,4126202155299.4785,0.6720206580112231,32.797934198877684,True,beneficial,0.944502033070934,0.04379050111097195,0.011707465818094032,1.0,1.0,100.0,measured_mps_glue,mps,"Parametric architecture sensitivity from modeled R6 component scaling; not a hardware measurement, layout signoff, device-solver result, or new accuracy run.",One-at-a-time R6 sweep for sideband_control_overhead_scale.
20260513_tetc_pivot,R6_memory_bandwidth_conversion_link_sensitivity,r6_sweep_sideband_control_overhead_scale_100,one_at_a_time_sweep,sideband_control_overhead_scale,100.0,False,mobilevit_s_transformer_blocks_256,suds_pareto,lightening_dptc,1.0,1.0,1.0,1.0,1.0,1.0,1.0,1.0,100.0,11835727.710350668,12548672.921675628,0.9431856088866997,5.681439111330033,5932.598604177728,5922.010517333334,1.0017879209794383,70216621693.85403,74313373020.73909,0.9448719502243325,5.512804977566754,True,beneficial,0.9208994036605574,0.043164980853117596,0.03593561548632471,1.0,1.0,100.0,measured_mps_imagenet,mps,"Parametric architecture sensitivity from modeled R6 component scaling; not a hardware measurement, layout signoff, device-solver result, or new accuracy run.",One-at-a-time R6 sweep for sideband_control_overhead_scale.
